:020000040000FA
:100000004AFC0001000001E600000000000000487A
:100010000555010180F0000C000000000000000008
:10002000000000000000000000000000000030049C
:1000300000000052000000000000008000000000EE
:10004000000001D2000001DA737973676F004E403F
:10005000001E41FAFFFA4E40000970007200740160
:100060007603780043FA015B41FA01304E40000309
:1000700065064E400004600A70004E40000F4E407E
:1000800000527000720074017603780043FA013365
:1000900041FA010F4E40000365044E40000441FA4E
:1000A0000128103C00034E400084650000E036004B
:1000B000725C343C00074E40008D650000CC1C0093
:1000C00030034E40008F7000720074017603780098
:1000D00043FA00EFBC3C0001670641FA00D7600418
:1000E00041FA00ED4E400003650000863A004E40A4
:1000F0000004657CBA4066F6B27C00016710B27CF1
:100100000002672CB27C0003673E4E400006700080
:10011000720074017603780043FA00A741FA008B5D
:100120004E40000365044E40000443FA009660040C
:1001300043FA00937000720074037603780041FA6A
:1001400000784E4000056528700072007401760347
:10015000780043FA006D41FA00554E4000036510E7
:100160003A004E4000046508BA4066F64A4167D836
:1001700070004E40000F203C800002004E40000AFC
:100180004E4000524E4000064E40008F70004E40E0
:10019000000F1C3C00006000FF2E636F6E666967F5
:1001A00000666D76636F6E660076636400736865E3
:1001B0006C6C00706C6179006C61756E636865725F
:1001C000000D2D630D2D660D2F736C617665007328
:1001D0007600000000800000000000000000000029
:1001E0000000000AB2094AFC000100000090000073
:1001F0000000000000820777050080010001000078
:1002000000000000000000000000000000000000EE
:100210000000000037670000003439303A2F6D7657
:100220003A52563D2243545032223A0D39313A2F38
:100230006D613A0D33303A52414D30303A535A23C2
:10024000383A4154233135303A0D33303A52414D2A
:1002500030313A434F2339303A4154233730303A22
:100260000D000000000000006373645F666D767629
:100270006D0000F4EE8E4AFC000100001C0C000032
:10028000000000000048055501018000000A000040
:10029000000000000000000000000000000000005E
:1002A000000000002D1800000050000001BA0000FE
:1002B000153800000C0000001B5600001BF0666D96
:1002C00076636F6E66002D4680102D4680143D4388
:1002D0008018082B00050014670E2D4C801A660844
:1002E0002D7900000000801A4A85671E080500006D
:1002F000661441F558004A68FFFE660A598849E8C5
:10030000FFFC70016026423558FF204DD7EB000CF2
:1003100042A72F0B7401203C000016BA4EBB080008
:10032000607643E800042D4994AA740022602E09E7
:10033000670CD3CD4229FFFF2089528260EE5380A3
:1003400067E04A8266104A68FFFE670A4228FFFF9C
:10035000244858886006208D2448528252824A944C
:10036000671828544A1C66FCB5CC631E0C1C00FCA4
:100370006618528C2654D7CD60140C2D00FC000258
:100380006608266D0004D7CD6004D7EB000C210B66
:100390002F084228FFFF2F02207C00000F5C4EBB7D
:1003A00088006500011C61204CDF00039BCD2F2ECF
:1003B00094AA207C0000015C4EBB88007000207C69
:1003C000000019DE4EBB8800207CFFFF9538D1CE9F
:1003D0002D4880042D4F80002D4F8008203CFFFFCA
:1003E000FF04D08FB0AE800865024E75B0AE8004B9
:1003F00065062D4080084E7541FA007061102F3C53
:1004000000000101207C000019AE4EBB88003F01B6
:10041000726470024E40008C321F4E75202E800098
:1004200090AE80084E75202E800890AE80044E75E8
:1004300048E7C0F0302F001E04400080E4400C402C
:10044000000F660C41FA006B72004E400021640CF4
:10045000227C0000196C4EBB980065644CDF0F03D2
:10046000508F59974E754AFB00502A2A2A2A20534A
:100470007461636B204F766572666C6F77202A2AF1
:100480002A2A0D002A2A2A2A2043616E277420690D
:100490006E7374616C6C20747261702068616E643C
:1004A0006C6572202A2A2A2A0D00202A2A2A2A204C
:1004B000006D6174680000000000223C00000040F4
:1004C0002F0841FAFFC06100FF46227CFFFF912206
:1004D000D3CE41FAFFD66128205F5389612241FAC9
:1004E000FFCA5389611A137C000DFFFF207CFFFFB8
:1004F0009122D1CE6100FF184E4000064E4000060A
:1005000012D866FC4E754E55000048E780002D5706
:10051000801E4E5D4E754E55000048E7C0804FEF7F
:10052000FFCE6100050A720141FA04DF2008610074
:100530000EE62F40002E72FFB280660000066000BB
:1005400000BC7201701461000B542F400012660051
:100550000006600000A07203202F001261000EB898
:100560002F40002A72FFB2806600000660000086FD
:10057000202F002A610014FC72FFB2806700006E19
:100580004878000141EF00152208202F002E61005D
:100590000E9A588F72FFB280670000520C2F0046EF
:1005A00000116700000C0C2F006600116600003E71
:1005B00042A742A742A742A7487A0458720141FACB
:1005C00004532008610016F64FEF00142F4000225C
:1005D00072FFB2806700001660000002202F001E2C
:1005E00061001678B0AF00226600FFF2202F002ACB
:1005F00061000E54202F002E61000E4C6100029607
:10060000610002502F40001A2F7C00E03022000CC5
:100610002F7C00E0302400084AAF001A6600001466
:10062000206F000C4250206F000830BC00186000A2
:100630000010206F000C4250206F000830BC0010EA
:10064000720341FA03D5200861000DCC2F4000262B
:1006500072FFB28066000006600000207201202F49
:10066000002661000C7872FFB28066000006600010
:100670000002202F002661000DCE2F7C00E0406C90
:100680000004600000DA7001B0AF001A66000032AA
:10069000206F000454AF000430BC001A206F000427
:1006A00054AF000430BC004A206F000454AF000473
:1006B00030BC0118206F000430BC01806000002EA7
:1006C000206F000454AF000430BC001A206F0004F7
:1006D00054AF000430BC004E206F000454AF00043F
:1006E00030BC0118206F000430BC01806000009A0B
:1006F0007001B0AF001A66000032206F000454AFE2
:10070000000430BC0012206F000454AF000430BC61
:10071000004A206F000454AF000430BC0123206F56
:10072000000430BC01806000002E206F000454AF34
:10073000000430BC0012206F000454AF000430BC31
:10074000004E206F000454AF000430BC0123206F22
:10075000000430BC0180600000306000002C6100AB
:1007600000400C80000000FF6200FFF00C00000160
:100770006700FF140C0000026700FF760C00000306
:100780006700FF6E6000FFD46100046870006100C4
:1007900016144FEF00324CED0100FFFC4E5D4E751C
:1007A0004E55000048E7C8A05D8F78FF720141FAFE
:1007B000026E200861000C60280070FFB0846600A3
:1007C000000A3EBC00026000007472017003610008
:1007D00008CC24404A80670000647203200A61004C
:1007E0000C362800200A6100092A2F400002487AAE
:1007F0000237222F0006700061000CBC588F4A801F
:100800006700000A3EBC0001600000243EBC0002FC
:10081000487A0219222F0006700061000C9A588F46
:100820004A8067000006600000063EBC0003202FDF
:10083000000261000C62200A61000C5C301748C0A5
:100840005C8F600000044E714CED0512FFF04E5DB0
:100850004E7548E700C022790000000841FA0024E4
:1008600023C80000000841FA000E10390020800063
:10087000203C0000000123C9000000084CDF0300F9
:100880004E75DFFC00000022027CDFFF203C0000F0
:1008900000004ED048E7FEFE267C00E030004A6BA8
:1008A000001866000028303C040041FA01554E4013
:1008B00000006500002A20496100002A6500002030
:1008C000377C00010022377C00960024377C000032
:1008D0000022377C00E20024377C000100184CDF46
:1008E0007F7F4E7548E7F04020182248D3C0B3C838
:1008F000630001001018E18810181218E18912181D
:100900001418E18A14180C000050670000160C003F
:100910000058670000740C000059670000BA6000BE
:1009200000CE0C410200640000C6428130025342F6
:10093000377C00050022121837410024377C00065E
:100940000022121837410024377C000700221218B9
:100950003741002451CAFFDA0C4002006400000E47
:10096000377C00000022377C00080024377C00051B
:100970000022377C00000024377C00060022377CF0
:10098000000000246000FF684280377C00010022E4
:10099000377C00940024377C00070022028100008D
:1009A000FFFF1001E0893741002437400024028214
:1009B0000000FFFF36021002E08A37420024374071
:1009C0000024C6FC0003534310183740002451CBC9
:1009D000FFF86000FF1A4280377C00010022377C5C
:1009E00000950024377C000700226000FFB0003C27
:1009F00000014CDF020F4E75415653594E433030C3
:100A000000647370636F6465002F6E76722F63737A
:100A1000640000666D766C6C002F636440002F6E7E
:100A200076722F63736400363235005456004E558B
:100A3000000048E780C04FEFFFEC41FA01182008A2
:100A4000610001702F40000C4AAF000C6600000CE2
:100A500070004FEF0014600000F22F7C00E040DADD
:100A60000004206F000430BC0001206F000C54AF64
:100A7000000C3F50000A206F000C54AF000C3F5098
:100A800000082F7C00E04800000442AF0010600026
:100A90000018206F000C54AF000C226F000454AFFC
:100AA0000004329052AF00107000302F0008B0AF39
:100AB00000106C00FFDE206F000C54AF000C3F50A4
:100AC00000082F7C00E05000000442AF00106000DE
:100AD0000018206F000C54AF000C226F000454AFBC
:100AE0000004329052AF00107000302F0008B0AFF9
:100AF00000106C00FFDE206F000C54AF000C3F5064
:100B000000082F7C00E05800000442AF0010600095
:100B10000018206F000C54AF000C226F000454AF7B
:100B20000004329052AF00107000302F0008B0AFB8
:100B300000106C00FFDE2F7C00E040DA0004206F24
:100B4000000430BC00044FEF00144CED0300FFF82C
:100B50004E5D4E75766D706567004E55000048E736
:100B6000C03024407200200A61001080264070FFCF
:100B7000B08B6600002C7200200A6100108E2640A7
:100B800070FFB08B6600001A487800807200200A5F
:100B90006100119A588F264070FFB08B66000002EA
:100BA000200B600000044E714CED0C02FFF44E5D12
:100BB0004E754E55000048E780302440598F200A7A
:100BC0006100FF98264070FFB08B6600000A70003D
:100BD000588F60000014202B0030D08B2E802017FF
:100BE000588F600000044E714CED0C00FFF84E5D14
:100BF0004E754E55000048E7C0004FEFFFEC2F7CCC
:100C00000008000000102F7C00E80000000C2F7C82
:100C10000000009000082F6F000C0004202F000C33
:100C2000D0AF00102E802F2F0008222F0004202F7D
:100C3000000861000012588F4FEF00144CED0002C5
:100C4000FFFC4E5D4E754E55000048E7C0004FEF6B
:100C5000FFF06100005A2F40000C4AAF000C660004
:100C6000000870FF6100113E202F000C610001CCD4
:100C70002F400008202F0008610002142F2F0020B1
:100C80002F2F0018222F0018202F0014610000A819
:100C9000508F2F400004202F000461000150202FAE
:100CA00000046100020C4FEF00104E5D4E754E5572
:100CB000000048E7C0804FEFFFF4223C00000080B6
:100CC0006100026A6100021A2E802057202800105D
:100CD0002F4000042F4000084AAF00086600000CB7
:100CE00070004FEF000C60000044206F0004703A69
:100CF000B0A800086400000E202F00044FEF000C85
:100D00006000002A206F00042F5000044AAF000446
:100D10006700000E202F0008B0AF00046600FFCC73
:100D200070004FEF000C600000044E714CED0102AA
:100D3000FFF84E5D4E754E55000048E7C0C0518F1C
:100D40002F6F00080004610001E42E80206F000472
:100D500020AF000C206F0004216F002000042057FA
:100D6000226F0004236800080008206F0004215748
:100D7000000C206F0004226F000423500010206F2D
:100D80000004226F0004236800100014206F000488
:100D900042A80018206F0004226F00042350001C9A
:100DA000206F0004226F0004202900049090206F1F
:100DB000000421400020206F0004317C0001002449
:100DC000206F00047000102F002731400026206F94
:100DD000000442680028202F0004508F60000004A7
:100DE0004E714CED0300FFF84E5D4E754E55000000
:100DF00048E7C0C0598F206F00042E907010D0AF0C
:100E000000047200908120572080205722572350E1
:100E10000004206F0004226F000420290004909039
:100E20002057214000082017588F600000044E71A1
:100E30004CED0302FFF44E5D4E754E55000048E741
:100E400080C0518F702A2F400004202F0008D0AF9F
:100E500000042E80206F000822572290206F000887
:100E60002257236800040004206F0008202800088F
:100E700090AF00042057214000082017508F6000D9
:100E800000044E714CED0300FFF84E5D4E754E555B
:100E9000000048E780802057205021570004205749
:100EA0002068000420974CED0100FFFC4E5D4E755C
:100EB0004E55000048E78080518F610000702E8001
:100EC000205720680008216F0008000C2057216F70
:100ED00000080008508F4CED0100FFFC4E5D4E7580
:100EE0004E55000048E7C83024402801266A000813
:100EF0006000000A60000002266B0008B7CA6700A5
:100F0000000AB86B00266600FFECB7CA6600000C4A
:100F1000203C000000ED61000E8C200B60000004FE
:100F20004E714CED0C10FFF44E5D4E754E550000A9
:100F300048E780206100001E2440203C000004049B
:100F4000D08A5180600000044E714CED0400FFFC1B
:100F50004E5D4E75203800004E754E55000048E736
:100F6000C0A02440598F4297600000402017E988B4
:100F70002E801012488048C041EE94B7103008000F
:100F800048800800000367000010101248800440E9
:100F9000003048C0600000101012488048C0610056
:100FA00008E872379081D197528A1012488048C061
:100FB00041EE94B710300800488008000006660033
:100FC000FFAC2017588F600000044E714CED0502F5
:100FD000FFF44E5D4E754E55000048E780202440DA
:100FE0000C1A003A66FA200A4CED0400FFFC4E5D34
:100FF0004E754E55000048E7802024400C1A000D25
:1010000066FA200A4CED0400FFFC4E5D4E754E550D
:10101000000048E7C030244026416004528A528BC9
:101020004A1267200C12003A671A1013488048C011
:101030006100085622001012488048C06100084A2A
:10104000B28067D84A1267060C12003A660E4A133D
:1010500067060C13003A66047001600270004CEDE4
:101060000C00FFF84E5D4E754E55000048E7C0304D
:101070002440200A6100055052806100040E264081
:101080004A80660470FF600A220A200B6100055640
:10109000200B4CED0C02FFF44E5D4E754E550000DA
:1010A00048E7CF8028002A017201202E94AE61000B
:1010B00003662E0072FFB280674C7C01602C41EE0B
:1010C000902220086100056EB084661E20065286BC
:1010D000B085661620076100036E41EE902220085D
:1010E000610000A26100FF82601E4878010041EEAD
:1010F00090222208200761000336588F4A806EBE76
:1011000020076100034270004CED01F0FFEC4E5DE2
:101110004E754E55000048E7CCB02440200A675871
:101120007201202E94AE610002EE280072FFB280A0
:101130006746602841EE902220086100FE9A264012
:101140002200200A6100FEC84A8067102004610066
:1011500002F6200B61566100FF10601E4878010006
:1011600041EE902222082004610002C4588F2A0018
:101170006EC22004610002D070004CED0D32FFE819
:101180004E5D4E754E55000048E7803024400C1AE5
:10119000003A66FA264A528A0C12003A66F842125F
:1011A000200B4CED0C00FFF84E5D4E754E550000C7
:1011B00048E7803024400C1A003A66FA264A60025A
:1011C000528A0C12000D66F84212200B4CED0C00F6
:1011D000FFF84E5D4E752F6E76722F6373640000BC
:1011E00048E770802601724A600648E77080724BBB
:1011F0004E40008E650870004CDF010E4E752D418B
:10120000800C70FF60F248E770802041724C60E013
:1012100048E77080725460D848E77080323C0055CF
:101220004E40008E65D860D048E770802601323C81
:10123000005660BC48E77080323C005760B248E717
:101240007080323C00484E40008E65B260AA48E78C
:1012500070802401323C0046609648E770C024014B
:10126000262F0018206F001C226F0020323C0049FE
:101270004E40008E650870004CDF030E4E752D4108
:10128000800C70FF60F248E760002401323C005996
:101290004E40008E650870004CDF00064E752D41F3
:1012A000800C70FF60F248E770801601323C0058F5
:1012B0006000FF3E48E770802401262F0014206F55
:1012C0000018323C00476000FF2848E77080240186
:1012D000206F0014323C003E6000FF1648E76000BB
:1012E0002401323C005A4E40008E650870004CDFED
:1012F00000064E752D41800C70FF60F24E550000C7
:1013000048E780387000284026402440700D720065
:1013100041FA006447EE800C76092683262E94AAB3
:10132000242E94A6286E94B24E400021653E4A9326
:10133000671841FA0046726470024E40008C41FA10
:10134000003672DD003C000160223D7C0041912EA0
:10135000426E91303D7C0002914A3D7C0001914CEF
:101360003D7C000291663D7C000291684CED1C00C2
:10137000FFF44E5D4E7563696F002A2A2A2A2063A6
:10138000696F207472617068616E646C6572206D43
:1013900069736D61746368202A2A2A2A0D004E4DF4
:1013A00000004E4D00014E4D00024E4D00034E4DCB
:1013B00000044E4D00054E4D00064E4D00074E4DAB
:1013C00000084E4D00094E4D000A4E4D000B4E4D8B
:1013D000000C4E4D000D4E4D000E4E4D000F4E4D6B
:1013E00000104E4D00114E4D00124E4D00134E4D4B
:1013F00000144E4D00154E4D00164E4D00174E4D2B
:1014000000184E4D00194E4D001A4E4D001B4E4D0A
:10141000001C4E4D001D4E4D001E4E4D001F4E4DEA
:1014200000204E4D00214E4D00224E4D00234E4DCA
:1014300000244E4D00254E4D00264E4D00274E4DAA
:1014400000284E4D00294E4D002A4E4D002B4E4D8A
:10145000002C4E4D002D4E4D002E4E4D002F4E4D6A
:1014600000304E4D00314E4D00324E4D00334E4D4A
:1014700000344E4D00354E4D00364E4D00374E4D2A
:1014800000384E4D00394E4D003A4E4D003B4E4D0A
:10149000003C4E4D003D4E4D003E4E4D003F4E4DEA
:1014A00000414E4D00424E4D00434E4D00444E4DC6
:1014B00000454E4D00404E55000048E7C83028001A
:1014C0002441266F001C20045380D5C06012220BDB
:1014D000200A528A61564A806704200460085284B8
:1014E0004A1266EA70004CED0C10FFF44E5D4E752A
:1014F0004E55000048E7C83028002441266F001CE4
:1015000020045380D5C06012220B200A528A611C2D
:101510004A8067042004600A5284B8AF00206FE854
:1015200070004CED0C10FFF44E5D4E754E550000F2
:1015300048E7C030244026416008B50B67047000BE
:1015400060064A1366F470014CED0C00FFF84E5D26
:101550004E752F082040B3000800000066520801B5
:101560000000C3896718B109653062204A28FFFF6F
:10157000660C60344A0067300C4000FF632A301864
:10158000B05967F0650E0C4000FF63167001205FD4
:10159000C3894E750C4000FF630870FF205FC3894C
:1015A0004E754A29FFFE66F27000205FC3894E75B2
:1015B000C38970001018B01956C8FFFA65DC524094
:1015C000205FC3894E752F0820404A18670C4A18BF
:1015D00067084A1867044A1866F091C020085380CB
:1015E000205F4E752F082040C38910D9670C10D991
:1015F000670810D9670410D966F0205FC3894E755B
:101600002F082040C3894A18670C4A1867084A18EF
:1016100067044A1866F01159FFFF66CE60DC2F0898
:101620002040C38910D96AFC42100220007F205F4D
:10163000C3894E754E55000048E7C02024404878C5
:10164000000A7200200A6100000E588F4CED04025F
:10165000FFF84E5D4E754E55000048E7CEB0244071
:101660002641282F00287A007C00101A488048C0A4
:1016700041EE94B71030080048800800000466EA84
:1016800060065285528A6010102248800C40002B60
:1016900067F20C40002D67EA42AE800C2F04220B4B
:1016A000200A61000058588F2C000CAE0000010089
:1016B000800C67144A8567080C8680000000620869
:1016C0000C867FFFFFFF631E4A856708203C800071
:1016D00000006006203C7FFFFFFF2C002D7C0000F7
:1016E0000100800C600A4A856706200644802C00B1
:1016F00020064CED0D70FFE84E5D4E754E55000016
:1017000048E7CFB024402641282F002C7A007C00E7
:10171000101A488048C041EE94B710300800488045
:101720000800000466EA538A200B6702268A7002CA
:10173000B08463044A84662A7023B08465246036CA
:101740005285528A0C2A0078000167080C2A00583A
:10175000000166184A8466047810600C7010B0842A
:101760006706700060000118548A60264A84662269
:101770007808528A601C101248800C4000FF6212E8
:101780000C00002B67BC0C00002D67B40C0000306F
:1017900067B24A846602780A700AB08465000080E5
:1017A000602870FF90872204610001AAB086650E50
:1017B000200622046100012CD0872C00600A2D7CB9
:1017C00000000100800C7CFF528A1012488048C043
:1017D00041EE94B71030080048800800000367000D
:1017E000008C101248800440003048C02E00B084A5
:1017F00065B06000007870FF908722046100015698
:10180000B086650E20062204610000D8D0872C0027
:10181000600A2D7C00000100800C7CFF528A1012AF
:10182000488048C041EE94B7103008004880080056
:101830000003670E101248800440003048C02E009C
:1018400060B41012488048C041EE94B710300800D0
:10185000488002400006671410124880024000DFF2
:1018600048C0723790812E00B084658A200B6702D1
:10187000268A4A856706200644802C0020064CED07
:101880000DF0FFE44E5D4E754E55000048E7C080F8
:10189000201741EE94B71230080048810801000279
:1018A00067080280000000DF600220174CED010293
:1018B000FFF84E5D4E754E55000048E7C08020177A
:1018C00041EE94B712300800488108010001670614
:1018D00008C00005600220174CED0102FFF84E5DC4
:1018E0004E7548E738002400260048432801484444
:1018F000C0C1C2C3C4C4C6C44840D0417800D78464
:10190000D042D78448404241484142424842D28274
:10191000D2834A804CDF001C4E752F0274004A802F
:101920006A04448074034A816A0644810A02000101
:101930006122E20A64024480E20A64024481241FB4
:101940004A804E7561D4C1414A804E756106C141DD
:101950004A804E7548E738002401660681FC000085
:10196000606E5381676A28012200B481650C6704A8
:101970007000605C70019282605626026BF6C6842D
:101980006612E28A76FFE28A55CBFFFC4483E6A822
:10199000C284603C700076FFE3826A06B481620A0A
:1019A000600CB48154CBFFF267045283E28A448313
:1019B0006004E380E28A92826510528051CBFFF48A
:1019C000600EE380E28AD28265F051CBFFF6D282CC
:1019D0004CDF001C4A804E752A5F538565621018E3
:1019E00067F80C00000D67580C00002067EC0C0035
:1019F000000967E60C00002C67E052820C00002210
:101A000067300C000027672A4868FFFF5385653060
:101A1000101867C60C00000D67120C000020670C40
:101A20000C00000967060C00002C66E04228FFFF4E
:101A300060A84850538565081218B00166F660EC3E
:101A4000204F48572F0253826710E582203028002C
:101A50002190280020C0518262F24ED54E550000E0
:101A600048E760802041323C00004E40008D60001D
:101A7000031C4E55000048E76080323C00014E4098
:101A8000008D6500030A2001600003024E5500002E
:101A900048E76080323C00064E40008D640002F84A
:101AA0000C4100D3660002E87001600002E04E5570
:101AB000000048E760802041323C000F242D0008E0
:101AC00060A84E55000048E760802041323C000E7F
:101AD00060984E55000048E76080323C00024E405E
:101AE000008D650002AA2002600002A24E5500008F
:101AF00048E76080323C000560E44E55000048E74E
:101B000060802041323C00004E40008E6000027E2A
:101B10004E55000048E76080323C000360EA4E55B5
:101B2000000048E760802401323C000260DA4E5534
:101B3000000048E760802041323C000F60CA4E55EB
:101B4000000048E760802401323C001060BA4E5526
:101B5000000048E760802401323C001160AA4E5525
:101B6000000048E760802401323C001A609A4E551C
:101B7000000048E76080323C001B60F04E550000DA
:101B800048E7608048E71840240172044CED0318D0
:101B900000084E40008E4CDF0218600001F04E55E8
:101BA000000048E760802401323C001C60BE4E55B6
:101BB000000048E76080323C002460B04E550000D1
:101BC00048E76080323C002560A24E55000048E79F
:101BD00060803401323C002660924E55000048E798
:101BE00060803401323C002760824E55000048E797
:101BF00060802040300148E700604E4000006502F0
:101C0000200A4CDF0600600001844E55000048E7C2
:101C100060802040300148E700604E40000160DEF7
:101C20004E55000048E760802F0A24404E400002D5
:101C3000245F600001584E55000048E76080204056
:101C400030014E40001D600001444E55000048E741
:101C500060804E400008600001344E55000048E7A7
:101C60006080204070004E4000046500012224087E
:101C70006700011A42583081600001124E55000081
:101C800048E760804E40000D600001024E550000A4
:101C900048E7608048E71C407A03602E4E550000FC
:101CA00048E7608048E71C407A01601E4E550000FE
:101CB00048E7608048E71C407A02600E4E550000FD
:101CC00048E7608048E71C407A0020402401226DEC
:101CD0000008302D00124840302D000E222D001437
:101CE0007603080500016704262D001C282D001826
:101CF0000805000066064E40000360044E400005E3
:101D00004CDF0238600000864E55000048E7402056
:101D10004E40005C650E200A2D4094A24CDF040268
:101D20004E5D4E7570FF2D41800C60F04E550000E9
:101D300048E740E02040100108C00007222F0018AB
:101D40004E400001650A200A4CDF07024E5D4E75C9
:101D500070FF2D41800C60F04E55000048E7608018
:101D600048E7186020402001222D0008242D000C97
:101D700008C2000F262D0010282D00144E4000250B
:101D80006502200A4CDF061860000002640C2D4139
:101D9000800C70FF600465F670004CED0106FFF4E6
:101DA0004E5D4E754E55000022006100001E610020
:101DB000F69A60084E5500004AFC22004E4000068C
:101DC000DEADDEAD003C00014E754E75000014A680
:101DD00000000092000011220000024000000F608D
:101DE00000000000000101010101010101011111C8
:101DF00001111101010101010101010101010101B3
:101E0000010101010130202020202020202020205D
:101E10002020202020484848484848484848482032
:101E2000202020202020424242424242020202025E
:101E30000202020202020202020202020202020282
:101E4000202020202020444444444444040404042A
:101E50000404040404040404040404040404040442
:101E60002020202001000000000314B214AE14AAA8
:101E7000000000000000000114A600000000007F28
:101E8000E28C4AFC000100000F000000000000008E
:101E90000EF6033304008001000100000000000082
:101EA0000000000000000000000000000000000032
:101EB00033C70000003407560272DFFF1400DC0055
:101EC0003801DE00DC00DC00DC049400B803DC0038
:101ED000DFFFDFFFDC38DC071804180018009080F3
:101EE0009840D4009000FC20180118021800180037
:101EF000180018008C006840B804F8081000190099
:101F00003801F8085401540154015401F808340010
:101F1000D400DC0090808BFF6800901E8BFF68006F
:101F2000900868019010680290868AFF8803909E4E
:101F3000940090408BFF980068009000800004009F
:101F4000DC009000940090009000940090008BFFC3
:101F500068006840680090019800689868089400DC
:101F6000DC00FC029200FC108BF48BFF6880D40034
:101F7000DC003400900068648BDF8BFF68008BFF0F
:101F80009C00801468009000680090008000DC00D5
:101F900090088BFB90018BFF9000DC1CDC178BFF03
:101FA000801068008BFC8003680098008BFF68003D
:101FB000FC02D4008BFF6800FC023400F8401808D3
:101FC00018101820FC083400DC00688069006A00E2
:101FD000B8006820908090006802980098009000F7
:101FE0009400922089FF900098049000DFFFDC00AD
:101FF00054005400DC00DC00DC0094009800FC0479
:10200000900090009800940090008BFF9800900141
:1020100090049840D40058008C00901058003C0068
:10202000DC0068006800900088FF6820D400DC00B5
:10203000D400940008009800D4004C0058005800C8
:102040009810080098106880DC4068009020D40048
:102050003C00D400080044005C00D4004C00910017
:1020600088FF9010980400003C00DC406800BC0031
:10207000FC00B8000900D400DC00D400DC00D4006F
:10208000DC00D400DC008BFF68009C00540054008E
:10209000DC00DC00DC00DC000000DC0090208BDFDA
:1020A000910090008AFF98009800940080006800DA
:1020B0001000BC001880FC00FC0413FFD40040009A
:1020C000DC00FC0413FFD4004000DC00FC049000A2
:1020D000DC001400FC04380068808BFF8B7F8BBF12
:1020E00090006A00B80054005400DC00DC00DC0002
:1020F0001400C000DC00F8409800F840F840F840B8
:102100009800F840F8409800F84090008BEF688005
:1021100034009000682090408BFF69208C003C00C8
:102120008BFF69208BBF688010006800D400DC0042
:102130009000FC00B8006880F840F840F840F84093
:10214000F840F8408000DC00540054005400540073
:10215000DC38DC3ADC3ADC2EDC2E8000DC0054007B
:1021600054005400681098016804FC006808684036
:1021700068209801906068019802981068026804CD
:102180003C0089FFFC004800D40094009400080043
:1021900068806A00900098009000480090089010B5
:1021A0008BEF8BF76800684068009810D4009400AB
:1021B000940008008BFF9800DC00DC009800980277
:1021C000DC009000DC0063FFE000DC00DC0090003D
:1021D0008C0094006800981090109400D400DC00EB
:1021E0009400D400DC00DC00D400DC0098109400E3
:1021F0009804DC0090108BEB740074006000980071
:102200009800DC009810DFFFDFFFFC00FC00FC0002
:10221000FC000000DC0068104400DC008BFF4C0078
:102220005FFFDFFFFC004400DC008BFF4C005FFF22
:10223000DFFFFC0000000000DC00D4003C00DC00FC
:10224000D4004800FC0000000000DC00D4003C008A
:10225000DC00D4004800FC00080083FF68009804FC
:10226000BC001840FC0000009400DC00FC000000F2
:102270009400DC00FC00B801F80098009800F80118
:10228000980098009800980098029801FC028BFD35
:102290008BFC68088BDF6840681068106A00940047
:1022A00068006A00F801D400080089FF9800D40093
:1022B000DC006A00980C6904F801690CF8019803C5
:1022C0009100900CD400940094004400DC0090082D
:1022D000D400DC008BF78BF39803920090409010B1
:1022E00090408BBFD4004400DC003CFF4DFF5F00FA
:1022F00009FF9810D400DC00D400940094009400EE
:102300004C000C0092005C008C00B8023C004C04B5
:10231000580068800C003400DC0048000C0089FF85
:1023200090044800580068040400DC00B80069000C
:10233000B8006800B8006801B80068006400640074
:10234000640064009C00DC009000080074006C00D5
:102350003400D4009C001400D4001400DC00D4002D
:1023600038009C00DC008BBF8BEFBC001840FC00E9
:10237000BC00FC02DC00DC00DC00DC00DC00FC005B
:10238000B8009C00D400DC00D400DC00D400DC00E9
:102390009C0063FFE000DC009C00FE00FE00FE00ED
:1023A0000272FC01000200037801027190064007EE
:1023B00000080255FC0A3C0BFC0CFC0D400E000F03
:1023C000001F048B401E0014011100150017001798
:1023D00001DE022882390A3B123D223F000F001223
:1023E000002000210022008080290025802D8464A7
:1023F0008E70887C002AC810002C00100030F02F4E
:1024000040300033F03204330035003500370037F8
:10241000003AFC39FC3A003C02550040BC3E1C40EE
:102420000440A0441C4200430044204600570C5482
:102430008049005C404EF04B044C004D204E00544F
:10244000805100520052005F0454005500100010EB
:102450007C58F859005A005B005C045F105F006014
:10246000FC60F0610862DC630064A06500661068CF
:102470000468406B0C6A006B006DFC6D00107C10F2
:102480000471207270726C7390740075BC76407722
:102490000078207A7C7B807B0010007DC07E007FEE
:1024A0000010BC85008200880089008A0086C41064
:1024B0000010008300840085048C008D0090409003
:1024C000009008A920A9049400DE00A1FC9680A138
:1024D00000A110A1FC9A249B009E049F74A024A03C
:1024E0004CA0024E80E900A340A720A704A700DE6D
:1024F0000811F56E80B6009200B000B000AE0092F8
:1025000000B300B200B3049200B408B5C09240BE5C
:10251000BCB800B900BA00BB00BC024600BE20D265
:1025200000C000C100D204C500C500D200C740C928
:1025300000C840C9009200CB00CE00CD009200CF71
:10254000009200D1009200DDFCD40092009200D7EE
:10255000009200D920DA40DB0CDC4092009200DFD0
:1025600000E000E100E200E300E400E500E6D8E777
:1025700010E800E900EC04ED74EE24EE4CEE9CEF64
:102580001CF000F100FBFCF300F680F6FCFB04F805
:1025900010FB024E3CFA00FB0CFC20FD00FD40FF4E
:1025A0000100FD010102010301040105FD0601070F
:1025B00001080109010A10A3C90C010D010EF50C57
:1025C0000110C8A3FD12FD13211501154116011AB2
:1025D0000519751B4D1B251B011C891D011E211F83
:1025E000053F2121212221230942212521261144B1
:1025F0002128213BFD2A012B052E112E012E01320F
:102600007D30013101373D367D340135FD370137ED
:1026100001382139013A019D4014053D413E001425
:102620002140214121422143214421453D4601478A
:10263000054C094D114E154F4150A9509950ED5080
:10264000E1500D510152015B055A09590156895C4F
:102650000158116E015C015C015C015F0162016D5A
:10266000016D0162016D0163096CFD651166016711
:10267000016802410242016B019F00148014217D18
:10268000117D017101780174FD78F175057601778E
:102690002178017D017A02410242017DDD7E818146
:1026A0000180019D058E018C058405860186F187D8
:1026B00001880189018A1139019F026505910199FB
:1026C000019302650192019D026C019501960197AB
:1026D0000198019D019D026C019D019D019FFD9F3F
:1026E00001A001A101A211A4201401A501AEFDA722
:1026F000FDA821A921AA21AB21AC3DAD01D001AF9C
:10270000C1B001B1C1B205B3FDB5FDB521B6C1B7C8
:1027100001B8C1B905BAFDBCFDBC21BDC1BE01BF38
:1027200001C001C101C301C301C401C521C6C1C7A4
:1027300001C801C901CA01CC01CC01CD01CE21CF14
:102740003DD0C1D101D201D611D401D441D63DD75B
:10275000024101D921DA3DDB024101DD201401DF14
:1027600081E005F409F981E3820211EC21EA41EBF1
:1027700001F001F10018FDE9FDE901EDFDEE01EFC9
:102780000018001801F2005781E901F581F601F700
:1027900001F8FC1881FD01FB01FC01FD020001FFB5
:1027A00081E3020181E300180224022402060241AF
:1027B00002420209020A020E020C020DFE0FFE0F77
:1027C00000180224822402140224FE1502160217A5
:1027D0000218FE1AFE1A021CFE1C0224021E021F10
:1027E00002200241024602420224022500180D6422
:1027F00000180229022D022B022D022D022E223357
:10280000023002310232FE3302370235001902373C
:1028100002380019823A001A0A3C401B123E001C82
:102820002240800F02420243024402450246024710
:1028300006490249024A024B0247024D024E024F2C
:102840000250025102520253024E02550656DA5706
:10285000FE5812590259425B0A5C025D025E025F39
:102860000260026102620E634264026502660267F0
:1028700002680269026A026B026CF26D026E026FFC
:102880000270006F00050005027200BE00BE01006C
:1028900000BE00BA008E008C008A0000000000B06C
:1028A0000022002400A800B2000000000000008800
:1028B000008E006000630062000000000000000065
:1028C000000000000000008E000000BC00BC000002
:1028D00000BC00BA00BC00BC00BC00BC010000BCD5
:1028E000006400AF00BA0088008C00BA008800883D
:1028F00000BA008C00BA008C00BA008A008C00BAC2
:10290000000000BA008C0088008800BA00BA01817B
:1029100000A700BA0000008800BA000000BA0088D2
:1029200000880062008E00BA0088008800880000DD
:1029300000A6008C00BA00880088008E008800AADB
:1029400000AD00A6008E0088008800880088008EF8
:10295000000000BA008B00BA008A00BA00BA0093E7
:1029600000BA008A00BA008A00BA00AA00AA008E43
:1029700000BA008F008A00BA008B00BA008C008C6D
:10298000008C00BA008C008D008C00BC005E000042
:1029900000000000010000BC0062005E005E005EFE
:1029A000000000620088008800620088008E008AB3
:1029B0000000008A008A00880000000000BA00BE03
:1029C0000090009000BC00BC00BC0000008A008A9F
:1029D0000088008A008A0000008E008E008800882F
:1029E0000088008800B0009F0000008C00A400A4B4
:1029F00000AC008E008800880088008A00A600BB1A
:102A000000A8000000AD008E00AA00AD00AC00A43C
:102A1000008C00AD0000008800B40088008800B081
:102A2000009F00B200AD0181009F00B200AD0088A0
:102A300000880000000000AA00AD00B4008800007B
:102A400000880000008800780081007A0083007C04
:102A50000085007E0087008A008A000000920092B4
:102A600000BA00BA00BA00BC00BA00BF008A008AEF
:102A7000008A0088008A008E008E000000500063EB
:102A800000BE000000000100008A00BE01000085B9
:102A900000BB00BA00BE0100008700BB00BA008A7C
:102AA00000BC00BC010000BC0062008A0088008EEF
:102AB0000088008A00000096009600BE00BE00BE9E
:102AC00000BE010000BD0000000000BA00BA00BA5C
:102AD000000000BA00BA000000BA0000008C0088B4
:102AE00000A6008E008800880088008A0000009EF2
:102AF0000088008A0088008800BE010000960093CC
:102B00000000008E00000088000200040006000A99
:102B10000008000C000600BB00BA00BA00BA00BAF8
:102B200000A800A800A800A800A8000C00BB00BADC
:102B300000BA00BA000000BC0000008800000000DD
:102B40000000008800000088008800000088000065
:102B500000A4008E008800A400A800000000009FD0
:102B60000088008E00880088000000A4008800888B
:102B70000088008800880062008E008C00A8000099
:102B80000000009F0088008E00920090008E008858
:102B90000094009200940094009300970091008E9E
:102BA00000000000008E000000120000009400935E
:102BB000000000960093009500900097001200001E
:102BC00000000093008A008A0090018100950000B7
:102BD000000000130000000E0010000E00100002A4
:102BE0000004000200B700120086000F000E000E65
:102BF000000E000E000E00840011001000100010E6
:102C0000001000100086008300B7000200B700B774
:102C1000000E00B700B60084008100B9000400B9BE
:102C200000B9001000B900B800B600B600130000EB
:102C30000000000000120002000000BB00BA000407
:102C4000000000BB00BA000000BA00BA00BA00BC25
:102C500000BA00BA00BA00BA00BA00BA008C008C00
:102C6000008C006200880088008C00620062000016
:102C7000008C008C0098009C00990098008C009CAF
:102C80000099008C008C008C00A0008C00A2008CAD
:102C9000008C008C00AA0000000000A100BD008C88
:102CA00000A200A1008C008C008C008C0088008C9D
:102CB00000880088009800BD009F009E009E009E36
:102CC000009E008C00A400BB00A8000000000000D3
:102CD000009F00A4008E00A40000000000B400B417
:102CE00000B40088009A009A009A009E009800980C
:102CF000006000AE00AE0062006400AF0000006241
:102D00000000006200000062000000620181018199
:102D100001810181000000BE00BA00BF018100BA3C
:102D200000BA00BE000000BA010000BC010100BEF4
:102D300000BB00000088008E00120000000000129E
:102D40000000008C00A400A6009E00AC00B4008827
:102D500000000000009400910096009500900097FC
:102D60000000009400970091000000BA00BA00BA79
:102D70000000000000000000766D7065670000A98B
:102D8000BD1E4AFC000100001562000000000000AA
:102D9000004805550101800000020000000000000D
:102DA0000000000000000000000000000000000023
:102DB000247E0000004C000001B60000054C00001D
:102DC0000C00000014A400001546766364002D4634
:102DD00080102D4680143D438018082B00050014F8
:102DE000670E2D4C801A66082D7900000000801AAD
:102DF0004A85671E08050000661441F558004A68B8
:102E0000FFFE660A598849E8FFFC700160264235DA
:102E100058FF204DD7EB000C42A72F0B7401203C2C
:102E2000000013144EBB0800607643E800042D49EF
:102E300084B6740022602E09670CD3CD4229FFFFAF
:102E40002089528260EE538067E04A8266104A68A9
:102E5000FFFE670A4228FFFF244858886006208D3D
:102E60002448528252824A94671828544A1C66FCAD
:102E7000B5CC631E0C1C00FC6618528C2654D7CDB2
:102E800060140C2D00FC00026608266D0004D7CDEE
:102E90006004D7EB000C210B2F084228FFFF2F0204
:102EA000207C00000BB04EBB88006500011C612037
:102EB0004CDF00039BCD2F2E84B6207C00000562E2
:102EC0004EBB88007000207C000013304EBB880091
:102ED000207CFFFF854CD1CE2D4880042D4F8000F3
:102EE0002D4F8008203CFFFFFF04D08FB0AE80083C
:102EF00065024E75B0AE800465062D4080084E75A3
:102F000041FA007061102F3C00000101207C00009C
:102F100013004EBB88003F01726470024E40008C6B
:102F2000321F4E75202E800090AE80084E75202EE8
:102F3000800890AE80044E7548E7C0F0302F001E28
:102F400004400080E4400C40000F660C41FA006B26
:102F500072004E400021640C227C000012BE4EBB69
:102F6000980065644CDF0F03508F59974E754AFBEC
:102F700000502A2A2A2A20537461636B204F7665F9
:102F800072666C6F77202A2A2A2A0D002A2A2A2A9A
:102F90002043616E277420696E7374616C6C2074B9
:102FA0007261702068616E646C6572202A2A2A2A18
:102FB0000D00202A2A2A2A20006D61746800000072
:102FC0000000223C000000402F0841FAFFC06100D1
:102FD000FF46227CFFFF812ED3CE41FAFFD6612827
:102FE000205F5389612241FAFFCA5389611A137C19
:102FF000000DFFFF207CFFFF812ED1CE6100FF1866
:103000004E4000064E40000612D866FC4E754E55E6
:10301000000048E7880028007004B0846F000008B2
:1030200070FF610011DA4CED0010FFFC4E5D4E7533
:103030004E55000048E7C03024402641600000069D
:10304000528A528B4A126700000A1012B0136700AE
:10305000FFF04A1266000008700160000004700072
:10306000600000044E714CED0C00FFF84E5D4E7593
:103070004E55000048E7C82078FF45FA0430720139
:10308000200A61000AEE28002004600000044E714E
:103090004CED0412FFF44E5D4E754E55000048E7AE
:1030A000C8A04FEFFFCC78FF720170016100074AA2
:1030B00024404A806700004A220A41EF00012008AC
:1030C00061000BE241FA03EF220841EF0001200802
:1030D00061000BEE720141EF0001200861000A94CB
:1030E000280070FFB0846700000E223C000001043D
:1030F000200461000890200A61000AF860000002C4
:1031000020044FEF0034600000044E714CED0512B6
:10311000FFF04E5D4E754E55000048E78000598F18
:10312000202E801E61000542610005802E80700403
:10313000B0976600000E7001588F600000106000AC
:10314000000A7000588F60000004588F4E5D4E7565
:103150004E55000048E7C08048780011202F000439
:103160005080220041FA0351200861000BB6588FAD
:103170004A806600000C70016000000C60000008CE
:103180007000600000024CED0102FFF84E5D4E75CC
:103190004E55000048E788807808205770001010CE
:1031A00052400240FFFE48C0D88020046000000466
:1031B0004E714CED0110FFF84E5D4E754E550000FE
:1031C00048E7C080518F2F6F0008000442976000CD
:1031D0000052202F0004D0972F400008206F0008D5
:1031E0003028000648C0B0AF001C6600002C206FDD
:1031F0000008700010102F00202F000C50802200BB
:10320000202F001061000B1C588F4A806600000AB6
:103210007001508F60000020202F00086100FF72B5
:10322000D1972017B0AF00206D00FFA87000508F1D
:10323000600000044E714CED0100FFFC4E5D4E75C8
:103240004E55000048E7C080598F6100FE242D4094
:1032500080226100FE462D40801E6100FEBA4A8039
:10326000660000204AAF00046700001041FA025BCC
:103270002008610008B66000000A7000588F6000E6
:10328000019A203C000008006100095C2D40802666
:103290006600001E4AAF00046700000C41FA024DB0
:1032A000200861000886202E800C588F6000016C79
:1032B0002F2E8026223C00008000202E801E6100E0
:1032C0000410588F4A806600001E4AAF0004670051
:1032D000000C41FA0225200861000850202E800CC5
:1032E000588F60000136202E80266100FE644A80DF
:1032F000660000204AAF00046700001041FA020F88
:103300002008610008266000000A7000588F6000E5
:10331000010A203C00000800610008CC2D40802AF2
:1033200066000010202E800C588F600000EE6000B8
:1033300000A82F2E802A206E802620280094720B51
:10334000E3A82200202E801E61000386588F2E8065
:10335000206E80262F2800884878000141FA01D687
:103360002208202E802A6100FE54508F4A80660079
:1033700000204AAF00046700001041FA01BC200899
:10338000610007A86000000A7000588F6000008C80
:10339000206E80262F2800884878000141FA01B667
:1033A0002208202E802A6100FE14508F4A80660079
:1033B00000204AAF00046700001041FA019F200876
:1033C000610007686000000A7000588F6000004CC0
:1033D000202E802A6100081C202E802661000814FF
:1033E00070FFB0AE802267000010202E80226100A6
:1033F00007B270FF2D40802270FFB0AE801E6700C4
:103400000010202E801E6100079A70FF2D40801E44
:103410007001588F600000044E714CED0102FFF8FE
:103420004E5D4E754E55000048E7C0804FEFFFF2ED
:1034300041FAFBDC200861000D867001B0AF000E80
:103440006C00000C70012F40000A6000000642AFC3
:10345000000A2EBC00E010002F7C00E040000006B7
:10346000202F000A6100FDDA7201B2806600002C94
:10347000205720BC00000001206F00063F68006E4E
:10348000000470F7D06F00043F400004206F000676
:10349000316F0004006E60000006205742904FEF2D
:1034A000000E4CED0100FFFC4E5D4E752F6E7672E6
:1034B0002F63736400400043442D52544F53204304
:1034C000442D425249444745004E6F202743445FF4
:1034D000524F4D5F58415F4252494447452720644F
:1034E0006973637479706520210D006D616C6C6F78
:1034F00063206572726F720D004572726F72207276
:10350000656164696E6720465356440D004E6F2016
:103510002743442D52544F532043442D4252494493
:1035200047452720737472696E6720696E20465381
:1035300056440D00434449004E6F20274344492719
:10354000206469726563746F727920666F756E644A
:1035500020210D004D5045474156004E6F20274D0C
:10356000504547415627206469726563746F7279CC
:1035700020666F756E6420210D004E55000048E7EF
:1035800080004FEFFFF0202F0010610003E82F4074
:10359000000C203C00000700C0AF000C2F400008CA
:1035A000700FC0AF000C2F4000047005B0AF0004D6
:1035B00067000010203CFFFFF8FFC0AF000C2F4059
:1035C000000C6000004070062E80600000947002C5
:1035D0002E806000008C70012E80600000847001DD
:1035E0002E806000007C70032E80600000747004E8
:1035F0002E806000006C42976000006670FF2E8095
:103600006000005E202F00080C80000003006700AF
:10361000FFD6620000240C4001006700FFC2620078
:10362000000C4A006700FFA06000FFD20C400200BF
:103630006700FF9C6000FFC60C800000050067006B
:10364000FFB66200000E0C4004006700FFA260009D
:10365000FFAC0C80000006006700FF7C6000FF9E4E
:103660004FEF00104E5D4E754E55000048E780004C
:10367000598F202F00046100FF022E802017B0AE6A
:1036800084BA670000182D5784BA201761000032F1
:103690007001588F600000106000000A7000588FA1
:1036A00060000004588F4E5D4E754E55000048E78F
:1036B0008000202E84BE600000044E714E5D4E7569
:1036C0004E55000048E780002D5784BE4E5D4E7574
:1036D0004E55000048E7C000598F42A7222F000C2A
:1036E000202F0008610004B0588F2E802017B0AF43
:1036F00000086700000A7000588F600000324878A8
:103700000800222F0018202F00086100047A588F2B
:103710002E800C97000008006700000A7000588F88
:103720006000000C7001588F600000044E714E5D07
:103730004E754E55000048E7802024400C1A003A90
:1037400066FA200A4CED0400FFFC4E5D4E754E55A6
:10375000000048E7802024400C1A000D66FA200A79
:103760004CED0400FFFC4E5D4E754E55000048E7E1
:10377000C030244026416004528A528B4A1267208E
:103780000C12003A671A1013488048C06100085CA8
:1037900022001012488048C061000850B28067D8EB
:1037A0004A1267060C12003A660E4A1367060C139B
:1037B000003A66047001600270004CED0C00FFF8E6
:1037C0004E5D4E754E55000048E7C0302440200A3B
:1037D000610004B452806100040E26404A806604F1
:1037E00070FF600A220A200B610004BA200B4CED26
:1037F0000C02FFF44E5D4E754E55000048E7CF8039
:1038000028002A017201202E84C2610003662E0066
:1038100072FFB280674C7C01602C41EE802E200844
:1038200061000574B084661E20065286B085661657
:1038300020076100036E41EE802E2008610000A287
:103840006100FF82601E4878010041EE802E220850
:10385000200761000336588F4A806EBE2007610042
:10386000034270004CED01F0FFEC4E5D4E754E557D
:10387000000048E7CCB02440200A67587201202E8F
:1038800084C2610002EE280072FFB28067466028A1
:1038900041EE802E20086100FE9A26402200200A78
:1038A0006100FEC84A8067102004610002F6200B08
:1038B00061566100FF10601E4878010041EE802EC5
:1038C00022082004610002C4588F2A006EC220041E
:1038D000610002D070004CED0D32FFE84E5D4E7578
:1038E0004E55000048E7803024400C1A003A66FA32
:1038F000264A528A0C12003A66F84212200B4CED0E
:103900000C00FFF84E5D4E754E55000048E78030C4
:1039100024400C1A003A66FA264A6002528A0C12B7
:10392000000D66F84212200B4CED0C00FFF84E5DC6
:103930004E752F6E76722F637364000048E77080B7
:103940002601724A600648E77080724B4E40008E36
:10395000650870004CDF010E4E752D41800C70FF24
:1039600060F248E770802041724C60E048E7708068
:10397000725460D848E77080323C00554E40008E4B
:1039800065D860D048E770802601323C005660BCA4
:1039900048E77080323C005760B248E77080323CA4
:1039A00000484E40008E65B260AA48E7708024014E
:1039B000323C0046609648E770C02401262F00186C
:1039C000206F001C226F0020323C00494E40008EC8
:1039D000650870004CDF030E4E752D41800C70FFA2
:1039E00060F248E760002401323C00594E40008EEE
:1039F000650870004CDF00064E752D41800C70FF8D
:103A000060F248E770801601323C00586000FF3ECB
:103A100048E770802401262F0014206F0018323CE4
:103A200000476000FF2848E770802401206F0014E1
:103A3000323C003E6000FF1648E760002401323C43
:103A4000005A4E40008E650870004CDF00064E752F
:103A50002D41800C70FF60F24E55000048E7803821
:103A60007000284026402440700D720041FA006426
:103A700047EE800C76092683262E84B6242E84B247
:103A8000286E84C64E400021653E4A93671841FA6D
:103A90000046726470024E40008C41FA003672DDBE
:103AA000003C000160223D7C0041813A426E813C35
:103AB0003D7C000281563D7C000181583D7C000226
:103AC00081723D7C000281744CED1C00FFF44E5D60
:103AD0004E7563696F002A2A2A2A2063696F207451
:103AE00072617068616E646C6572206D69736D617E
:103AF000746368202A2A2A2A0D004E4D00004E4D7C
:103B000000014E4D00024E4D00034E4D00044E4D3F
:103B100000054E4D00064E4D00074E4D00084E4D1F
:103B200000094E4D000A4E4D000B4E4D000C4E4DFF
:103B3000000D4E4D000E4E4D000F4E4D00104E4DDF
:103B400000114E4D00124E4D00134E4D00144E4DBF
:103B500000154E4D00164E4D00174E4D00184E4D9F
:103B600000194E4D001A4E4D001B4E4D001C4E4D7F
:103B7000001D4E4D001E4E4D001F4E4D00204E4D5F
:103B800000214E4D00224E4D00234E4D00244E4D3F
:103B900000254E4D00264E4D00274E4D00284E4D1F
:103BA00000294E4D002A4E4D002B4E4D002C4E4DFF
:103BB000002D4E4D002E4E4D002F4E4D00304E4DDF
:103BC00000314E4D00324E4D00334E4D00344E4DBF
:103BD00000354E4D00364E4D00374E4D00384E4D9F
:103BE00000394E4D003A4E4D003B4E4D003C4E4D7F
:103BF000003D4E4D003E4E4D003F4E4D00414E4D5E
:103C000000424E4D00434E4D00444E4D00454E4D3A
:103C100000402F082040B300080000006652080151
:103C20000000C3896718B109653062204A28FFFF88
:103C3000660C60344A0067300C4000FF632A30187D
:103C4000B05967F0650E0C4000FF63167001205FED
:103C5000C3894E750C4000FF630870FF205FC38965
:103C60004E754A29FFFE66F27000205FC3894E75CB
:103C7000C38970001018B01956C8FFFA65DC5240AD
:103C8000205FC3894E752F0820404A18670C4A18D8
:103C900067084A1867044A1866F091C020085380E4
:103CA000205F4E752F082040C38910D9670C10D9AA
:103CB000670810D9670410D966F0205FC3894E7574
:103CC0002F082040C3894A18670C4A1867084A1809
:103CD00067044A1866F01159FFFF66CE60DC2F08B2
:103CE0002040C38910D96AFC42100220007F205F67
:103CF000C3894E754E55000048E7C8382440264118
:103D0000282F0020284A53846D0818DB66F86002CB
:103D1000421C53846CFA200A4CED1C10FFF04E5DDF
:103D20004E754E55000048E7C83024402641282FE4
:103D3000001C60064A1B6710528A53846D061012DD
:103D4000B01367F04A846C047000600E1013488052
:103D500012124881924048C120014CED0C10FFF432
:103D60004E5D4E754E55000048E7C8382440264148
:103D7000282F0020284A4A1C66FC538C53846D046B
:103D800018DB66F84A846C024214200A4CED1C10C1
:103D9000FFF04E5D4E754E55000048E7C0202440B0
:103DA0004878000A7200200A6100000E588F4CED1E
:103DB0000402FFF84E5D4E754E55000048E7CEB048
:103DC00024402641282F00287A007C00101A4880C1
:103DD00048C041EE84CB1030080048800800000441
:103DE00066EA60065285528A6010102248800C40B4
:103DF000002B67F20C40002D67EA42AE800C2F04C6
:103E0000220B200A61000058588F2C000CAE0000D5
:103E10000100800C67144A8567080C86800000004A
:103E200062080C867FFFFFFF631E4A856708203CFF
:103E3000800000006006203C7FFFFFFF2C002D7CEF
:103E400000000100800C600A4A8567062006448055
:103E50002C0020064CED0D70FFE84E5D4E754E5562
:103E6000000048E7CFB024402641282F002C7A00DC
:103E70007C00101A488048C041EE84CB1030080006
:103E800048800800000466EA538A200B6702268AED
:103E90007002B08463044A84662A7023B084652467
:103EA00060365285528A0C2A0078000167080C2A75
:103EB0000058000166184A8466047810600C70107F
:103EC000B0846706700060000118548A60264A8436
:103ED00066227808528A601C101248800C4000FF4D
:103EE00062120C00002B67BC0C00002D67B40C00A4
:103EF000003067B24A846602780A700AB0846500AE
:103F00000080602870FF90872204610001AAB086BB
:103F1000650E200622046100012CD0872C00600A67
:103F20002D7C00000100800C7CFF528A101248801A
:103F300048C041EE84CB10300800488008000003E0
:103F40006700008C101248800440003048C02E00EA
:103F5000B08465B06000007870FF90872204610033
:103F60000156B086650E20062204610000D8D08775
:103F70002C00600A2D7C00000100800C7CFF528A1E
:103F80001012488048C041EE84CB103008004880B1
:103F900008000003670E101248800440003048C03B
:103FA0002E0060B41012488048C041EE84CB10301F
:103FB0000800488002400006671410124880024042
:103FC00000DF48C0723790812E00B084658A200BD4
:103FD0006702268A4A856706200644802C00200650
:103FE0004CED0DF0FFE44E5D4E754E55000048E778
:103FF000C080201741EE84CB1230080048810801B0
:10400000000267080280000000DF600220174CED0C
:104010000102FFF84E5D4E754E55000048E7C08026
:10402000201741EE84CB12300800488108010001BE
:10403000670608C00005600220174CED0102FFF87A
:104040004E5D4E7548E7380024002600484328019D
:104050004844C0C1C2C3C4C4C6C44840D0417800AB
:10406000D784D042D78448404241484142424842E6
:10407000D282D2834A804CDF001C4E752F0274001E
:104080004A806A04448074034A816A0644810A02B1
:1040900000016122E20A64024480E20A640244816F
:1040A000241F4A804E7561D4C1414A804E75610615
:1040B000C1414A804E7548E738002401660681FCFC
:1040C0000000606E5381676A28012200B481650C8C
:1040D00067047000605C70019282605626026BF685
:1040E000C6846612E28A76FFE28A55CBFFFC4483DF
:1040F000E6A8C284603C700076FFE3826A06B48161
:10410000620A600CB48154CBFFF267045283E28AE6
:1041100044836004E380E28A92826510528051CB2E
:10412000FFF4600EE380E28AD28265F051CBFFF6A5
:10413000D2824CDF001C4A804E752A5F538565622F
:10414000101867F80C00000D67580C00002067EC91
:104150000C00000967E60C00002C67E052820C009E
:10416000002267300C000027672A4868FFFF53854C
:104170006530101867C60C00000D67120C00002097
:10418000670C0C00000967060C00002C66E0422852
:10419000FFFF60A84850538565081218B00166F605
:1041A00060EC204F48572F0253826710E582203081
:1041B00028002190280020C0518262F24ED54E5531
:1041C000000048E7608041FA00122D4084AE66028C
:1041D00020404E4000096000000E2001206E84AE99
:1041E0004E904E40001E640C2D41800C70FF600408
:1041F00065F670004CED0106FFF44E5D4E754E55B0
:10420000000022006100001E6100F99C60084E550C
:1042100000004AFC22004E400006DEADDEAD003C50
:1042200000014E754E75000004B20000009A0000B7
:10423000012E0000023CFFFFFFFEFFFFFFFF00001A
:104240000BB00000000000010101010101010101AA
:10425000111101111101010101010101010101010E
:104260000101010101010130202020202020202017
:1042700020202020202020484848484848484848D6
:104280004820202020202020424242424242020276
:1042900002020202020202020202020202020202FE
:1042A00002022020202020204444444444440404AA
:1042B00004040404040404040404040404040404BE
:1042C00004042020202001000000000304C604C2D2
:1042D00004B6000000000000000104B2000000006D
:1042E00000C917FE4AFC000100005A02000000004D
:1042F0000000004805550101800000050000000095
:1043000000000000000000000000000000000000AD
:1043100000006B190000004E000001B800000EE81C
:1043200000000C000000515C000059E6666D766CE0
:104330006C002D4680102D4680143D438018082BBC
:1043400000050014670E2D4C801A66082D790000B8
:104350000000801A4A85671E08050000661441F5B2
:1043600058004A68FFFE660A598849E8FFFC700158
:104370006026423558FF204DD7EB000C42A72F0B8B
:104380007401203C00004C744EBB0800607643E88A
:1043900000042D49866A740022602E09670CD3CD73
:1043A0004229FFFF2089528260EE538067E04A82F3
:1043B00066104A68FFFE670A4228FFFF24485888B3
:1043C0006006208D2448528252824A9467182854ED
:1043D0004A1C66FCB5CC631E0C1C00FC6618528C93
:1043E0002654D7CD60140C2D00FC00026608266D03
:1043F0000004D7CD6004D7EB000C210B2F08422816
:10440000FFFF2F02207C000045164EBB8800650090
:10441000011C61204CDF00039BCD2F2E866A207C7F
:10442000000001F24EBB88007000207C00004FE6C7
:104430004EBB8800207CFFFF8EE8D1CE2D48800443
:104440002D4F80002D4F8008203CFFFFFF04D08FB0
:10445000B0AE800865024E75B0AE800465062D4092
:1044600080084E7541FA007061102F3C0000010178
:10447000207C00004FB64EBB88003F017264700282
:104480004E40008C321F4E75202E800090AE80086A
:104490004E75202E800890AE80044E7548E7C0F01F
:1044A000302F001E04400080E4400C40000F660CDA
:1044B00041FA006B72004E400021640C227C000027
:1044C0004F744EBB980065644CDF0F03508F5997B3
:1044D0004E754AFB00502A2A2A2A20537461636BC6
:1044E000204F766572666C6F77202A2A2A2A0D0083
:1044F0002A2A2A2A2043616E277420696E73746108
:104500006C6C20747261702068616E646C657220DE
:104510002A2A2A2A0D00202A2A2A2A20006D6174BC
:10452000680000000000223C000000402F0841FA13
:10453000FFC06100FF46227CFFFF82D2D3CE41FA4A
:10454000FFD66128205F5389612241FAFFCA53894F
:10455000611A137C000DFFFF207CFFFF82D2D1CEB9
:104560006100FF184E4000064E40000612D866FC5F
:104570004E754E55000048E780002D57801E4E5D59
:104580004E754E55000048E7C08061003C4A41FA34
:104590001102200861003CCA7200700461003C12E4
:1045A00041FA110C20086100444C41FA1104200822
:1045B0006100444241FA111820086100443841FA70
:1045C000113520086100442E41FA11422008610093
:1045D000442441FA114820086100441A41FA115755
:1045E00020086100441041FA116E20086100440661
:1045F00041FA118A2008610043FC41FA1194200815
:10460000610043F241FA119E2008610043E84CED3D
:104610000102FFF84E5D4E754E55000048E7E0C0C0
:104620004FEFFFD841FAFF4C200861004D28610090
:10463000FF522D7C00E0302280262D7C00E03024CB
:10464000802A610035C07201B2806600005641FACE
:104650001168200861003BC261000FD42F40001C8C
:104660006700002441FA117020086100438870013E
:104670002D408022206E80264250206E802A30BC41
:1046800000106000001E41FA1177200861004366A7
:1046900042AE8022206E80264250206E802A30BC9E
:1046A000001842AE801E600006807200701061002B
:1046B0003B0061003B487200700F61003AF441FA20
:1046C000116520086100432E422E802E41EE802E7F
:1046D00020086100430C41EE82D22008610042FABA
:1046E0006000061061003AF0700061004D2C60001F
:1046F000063241EE82D22008610042DE61000644AB
:104700006000062041EE82D22008610042CC2F7C5E
:1047100000E40000001470003F4000103F40001211
:1047200042AF002460000028206F001470001028A1
:104730000001D16F0010206F001454AF001430102E
:10474000E04872001200D36F001252AF00240CAF89
:104750000000FFFE00246D00FFD02F7C00E5FFFC71
:104760000008206F000870001010E148206F00085A
:10477000720012280002D0413F40000E206F000856
:10478000700010280001E148206F00087200122814
:104790000003D0413F40000C302F0012B06F000EDC
:1047A000660000A4302F0010B06F000C6600009867
:1047B000206F000870001028FFFCE8483F40000E02
:1047C000206F000870001028FFFE3F40000C206F93
:1047D000000870001010206F0008720012280002FC
:1047E000D041D16F0012206F000870001028000126
:1047F000206F0008720012280003D041D16F001012
:1048000041FA1040200861003A107000302F001269
:104810002F007000302F0012220041FA102F2008C4
:10482000610041D2588F7000302F00102F007000AF
:10483000302F0010220041FA102A2008610041B6F2
:10484000588F6000000C41FA10382008610039CA06
:10485000600004D041FA10482008610039BC70287B
:104860006100486C2F7C00E80000001442AF001883
:1048700042AF00246000006E202F0024E38841EE48
:10488000866E226F001432B00800202F0024E388C7
:1048900041EE866E226F00143211B270080067007C
:1048A000004052AF001841FA100D20086100396A2B
:1048B000206F0014700030102F00202F0028E38894
:1048C00041EE866E7200323008002F01222F001C4C
:1048D00041FA0FFB20086100411C508F600000105E
:1048E00052AF00247004B0AF00246E00FF8C4AAFBA
:1048F0000018660000942F7C00E80000000442AF1E
:10490000002460000016206F000420AF000406AFF2
:1049100000000800000452AF00240CAF00000100AA
:1049200000246D00FFE22F7C00E80000000442AF8D
:10493000002460000048206F0004202F0004B09085
:104940006700002E52AF001841FA0FAE2008610038
:1049500038C8206F00042F102F2F0008222F000CC2
:1049600041FA0FAE20086100408C508F6000001AA1
:1049700006AF00000800000452AF00240CAF000096
:10498000010000246D00FFB04AAF00186600000C63
:1049900041FA0FA92008610038806000038642AF09
:1049A000001842AF0024600000AE41FA0F9C2008BE
:1049B00061003866202F0024E38841EE866E720085
:1049C0003230080041FA0FA2200861004028202F51
:1049D0000024E38841EE866E720032300800200128
:1049E0006100044041FA0F8B20086100382C486FA9
:1049F000000E41EF00042208202F0028E38841EE3A
:104A0000866E740034300800200261000480588FE4
:104A10004A806700003E52AF001841FA0F6F20082D
:104A2000610037F67000302F000E2F00202F002875
:104A3000E38841EE866E7200323008002F01222F8B
:104A4000000841FA0F5F200861003FAA508F600004
:104A5000001052AF00247004B0AF00246E00FF4C71
:104A60004AAF00186600005841FA0F632008610041
:104A700037A8610004AE41FA0F8120086100379A1F
:104A800041EF001C220841D72008610004FE4A8043
:104A90006700002C52AF001841FA0F79200861001E
:104AA00037782F2F001C2F2F0004222F000841FAE7
:104AB0000F7B200861003F3E508F600002664AAFC6
:104AC00000186600000C41FA0F8D20086100374A7B
:104AD0006000025042AF0018720170FF61000B923B
:104AE0002F40000872FFB2806600001641FA0F7D69
:104AF00020086100372470012F40001860000086F4
:104B000041FA0F94200861003710222E8662202F70
:104B100000086100050441FA0FB42008610036FA6C
:104B2000486F001C486F0004222E8662202F001060
:104B300061000566508F4A806700002C52AF001854
:104B400041FA0FAE2008610036D02F2F001C2F2F06
:104B50000004222F000841FA0FBA200861003E9697
:104B6000508F600001BE222F0008202E8662610057
:104B700047CE72FFB2806600000C41FA0FC02008D9
:104B8000610036964AAF00186600000C41FA0FD556
:104B90002008610036846000018A42AF001841FAA3
:104BA0000FDE2008610036722F7C00E040640014A4
:104BB000206F001430BC5555206F00140C50555513
:104BC0006700001041FA0FD720086100364C6000E2
:104BD00000362F7C00E040A60014206F001430BC8B
:104BE0000007206F00140C5000076700001041FA06
:104BF0000FD22008610036226000000C41FA0FE954
:104C0000200861003DF04AAF001867000006600010
:104C100001127032610044B841FA0FD220086100DD
:104C20003DD42F7C00E030040014206F001430BC11
:104C3000001F206F00140C50001F6700001041FA85
:104C40000FCB2008610035D26000007E2F7C00E091
:104C500030100014206F00143F50000E206F00141D
:104C60003F680004000C206F0014302F000EB0507D
:104C700066000022206F001454AF0014302F000C87
:104C8000B0506600001041FA0FA820086100358A74
:104C9000600000362F7C00E030180014206F0014F4
:104CA00030BC001F206F00140C50001F6700001064
:104CB00041FA0FA32008610035606000000C41FA42
:104CC0000FBA200861003D2E600000586100050009
:104CD0006000005061002D6660000048610006E23F
:104CE0006000004041FA0F9720086100352C6000F9
:104CF0000032102E802E4880044000300C40000905
:104D00006200FFE2D040303B00064EFB0002F9D6C5
:104D1000F9E4F9F6FB46FC90FDC6FE8CFFBEFFC62B
:104D2000FFCE026EFFEF82DE4AAE801E6700F97C86
:104D3000610034A44FEF00284CED0304FFF44E5DF6
:104D40004E754E55000048E7C0804FEFFFF041EF31
:104D50000004220841FA0F292008610036660CAFD2
:104D600000E8000000046D00000E0CAF00EFFFFF34
:104D700000046F00001041FA0F3F20086100349AD0
:104D800060000092082F000000076700001041FA41
:104D90000F522008610034826000007A2EAF0004B8
:104DA00041FA0F6D200861003470221741FA0F8C10
:104DB000200861003C4041FA0F89200861003C3620
:104DC00041EE82EE200861003C4C42AE801E600045
:104DD000003842AF0008205730AF000A70012F4062
:104DE000000842AF000C60000016205730AF000AE8
:104DF000202F0008E3882F40000852AF000C7010ED
:104E0000B0AF000C6E00FFE44AAE801E6700FFC426
:104E100042AE801E4FEF00104CED0102FFF84E5DD8
:104E20004E754E55000048E780804FEFFFF42EBCD2
:104E300000E8000042AF00046000003A42AF000802
:104E40006000000E2057549730AF000E52AF00089C
:104E50000CAF0000400000086500FFEA41FA0EFDBB
:104E6000200861003B9041EE82EE200861003BA6E5
:104E700052AF00047010B0AF00046200FFC04FEFEB
:104E8000000C4CED0100FFFC4E5D4E754E550000D0
:104E900048E7C0C04FEFFFF42EBC00E8000042AF6F
:104EA00000046000005E42AF00086000003220573E
:104EB0005497302F000EB050670000202017538009
:104EC000206F001020802057226F002432A8FFFEA0
:104ED00070FF4FEF000C6000004052AF00080CAFB5
:104EE0000000400000086500FFC641FA0E7120086E
:104EF00061003B0241EE82EE200861003B1852AF98
:104F000000047010B0AF00046200FF9C70004FEF0F
:104F1000000C600000044E714CED0300FFF84E5D84
:104F20004E754E55000048E780804FEFFFF42EBCD1
:104F300000E8000042AF00046000003842AF000803
:104F40006000000C20572097589752AF00080CAF14
:104F50000000200000086500FFEC41FA0E03200865
:104F600061003A9241EE82EE200861003AA852AF09
:104F700000047010B0AF00046200FFC24FEF000CDD
:104F80004CED0100FFFC4E5D4E754E55000048E7AC
:104F9000C0C04FEFFFF42EBC00E8000042AF000499
:104FA0006000005642AF00086000002A205720171A
:104FB000B0906700001A206F000C20972057226FD6
:104FC0000010229070FF4FEF000C600000425897D5
:104FD00052AF00080CAF0000200000086500FFCEB3
:104FE00041FA0D7F200861003A0C41EE82EE200864
:104FF00061003A2252AF00047010B0AF00046200AA
:10500000FFA470004FEF000C600000044E714CEDE7
:105010000300FFF84E5D4E754E55000048E7C08016
:105020004FEFFFF4202F00106C00000806800000F6
:10503000000FE8806C0000045680E4802E8042AFB0
:1050400000046000003C42AF000860000012206FC6
:10505000000C20AF000C58AF000C52AF0008202FFE
:105060000008B0976500FFE841FA0CF920086100DC
:10507000398441EE82EE20086100399A52AF000473
:105080007010B0AF00046200FFBE4FEF000C4CED9B
:105090000100FFFC4E5D4E754E55000048E7C0C054
:1050A0004FEFFFF442AF000460000078202F0010A3
:1050B0006C00000806800000000FE8806C0000040F
:1050C0005680E4802E8042AF000860000034206FDC
:1050D000000C202F000CB0906700001E206F0024F1
:1050E00020AF000C206F000C226F0028229070FF70
:1050F0004FEF000C6000004258AF000C52AF0008A8
:10510000202F0008B0976500FFC641FA0C5920080F
:10511000610038E241EE82EE2008610038F852AFBB
:1051200000047010B0AF00046200FF8270004FEF07
:10513000000C600000044E714CED0300FFF84E5D62
:105140004E754E55000048E7C0806100308A41FA34
:105150000C1720086100310A72007004610030529F
:1051600041FA0C2320086100388C41FA0C1B2008FE
:105170006100388241FA0C2520086100387841FA34
:105180000C3520086100386E41FA0C44200861009B
:10519000386441FA0C4E20086100385A41FA0C5A22
:1051A00020086100385041FA0C6920086100384637
:1051B00041FA0C7520086100383C41FA0C83200844
:1051C000610038324CED0102FFF84E5D4E754E55D0
:1051D000000048E7C0804FEFFFEC6100FF66610010
:1051E00013A87200701061002FC8610030107200A7
:1051F000700F61002FBC41FA0C5E2008610037F689
:1052000041EE82D22008610037E01D40807E41EEF1
:1052100082D22008610037C24AAE801E6700000CAF
:1052200061002FB47000610041F0600000E0610097
:1052300019C4610014626100F34A70004FEF00145A
:1052400060000106600000F441FA0C2920086100AA
:105250002FC8206E80264250206E802A30BC00105D
:10526000600000D841FA0C27200861002FAC206EA6
:1052700080264250206E802A30BC0018600000BC9E
:105280002EBC00E010002057425061001430600036
:1052900000AA2EBC00E0100020574250610014C646
:1052A000600000982EBC00E01000205730BC0001C8
:1052B0006100145E600000842EBC00E010002057E6
:1052C00030BC0001610014E26000007041FA0BD8AC
:1052D000200861002F442EBC00E01000205730BC95
:1052E00000016000005641FA0BD4200861002F2A0B
:1052F0002EBC00E01000205742506000003E41FAF2
:105300000BD1200861002F1260000030102E807E2B
:105310004880044000300C4000086200FFE2D040AA
:10532000303B00064EFB0002FF06FF20FF3CFF580B
:10533000FF6AFF7CFF90FFA4FFBE026EFFEF82DEDC
:105340006000FEA04FEF00144CED0102FFF84E5D2F
:105350004E754E55000048E7C08061002E7A41FA34
:105360000B73200861002EFA7200700461002E4257
:1053700041FA0B8420086100367C41FA0B7C20083E
:105380006100367241FA0B8B20086100366841FAE1
:105390000BA620086100365E41FA0BC120086100AF
:1053A000365441FA0BD820086100364A41FA0BEC1A
:1053B0002008610036404CED0102FFF84E5D4E754D
:1053C0004E55000048E7C0805D8F6100FF86720087
:1053D000701061002DDC61002E247200700F6100DE
:1053E0002DD041FA0BD520086100360A41EE82D259
:1053F0002008610035F41D4080A641EE82D22008CD
:10540000610035D64AAE801E6700000C61002DC8D1
:10541000700061004004600001DA6100F166700014
:105420005C8F60000200600001F241FA0BAA2008C4
:1054300061002DE641FA0BBD2008610035B841EE50
:1054400082EE2008610035CE6000002C2F7C00E049
:10545000300000026000000C206F000254AF000218
:105460003E900CAF00E0302400026C00000A4AAE0F
:10547000801E6700FFE44AAE801E6700FFD0600018
:10548000019A41FA0B89200861002D8E41FA0B9C8C
:1054900020086100356041EE82EE2008610035761B
:1054A0006000002C2F7C00E0400000026000000C37
:1054B000206F000254AF00023E900CAF00E041FEAE
:1054C00000026C00000A4AAE801E6700FFE44AAE8C
:1054D000801E6700FFD06000014241FA0B6820087F
:1054E00061002D3641FA0B7120086100350841EE4C
:1054F00082EE20086100351E6000002C2F7C00E445
:10550000000000026000000C206F000254AF000297
:105510003E900CAF00E5FFFF00026C00000A4AAEAF
:10552000801E6700FFE44AAE801E6700FFD0600067
:1055300000EA41FA0B3D200861002CDE41FA0B49DC
:105540002008610034B041EE82EE2008610034C6CC
:105550006000002E2F7C00E8000000026000000EBA
:10556000206F000254AF000230BCFFFF0CAF00EF11
:10557000FFFF00026C00000A4AAE801E6700FFE2D7
:105580004AAE801E6700FFCE6000009041FA0B1308
:10559000200861002C8441FA0B1E2008610034565B
:1055A00041EE82EE20086100346C6000002C2F7CFC
:1055B00000E8000000026000000C206F000254AF01
:1055C00000023E900CAF00EFFFFF00026C00000AEB
:1055D0004AAE801E6700FFE44AAE801E6700FFD01F
:1055E0006000003841FA0AEA200861002C2C6000B3
:1055F000002A102E80A64880044000300C40000590
:105600006200FFE2D040303B00064EFB0002FE0C81
:10561000FE1CFE74FECCFF24FF7E42AE801E6000A6
:10562000FDAE5C8F4CED0102FFF84E5D4E7548E714
:1056300000C022790000000841FA002423C80000BD
:10564000000841FA000E103900208000203C0000C4
:10565000000123C9000000084CDF03004E75DFFC89
:1056600000000022027CDFFF203C000000004ED042
:1056700048E700204E40005C650C2D408662200A01
:105680004CDF04004E754CDF04002D41800C70FF90
:105690004E75464D56204C6F77204C6576656C20D4
:1056A00054657374202052656C20352E30000D0037
:1056B0000909302E204578697420464D56206C6FBC
:1056C00077206C6576656C20746573740D0009092C
:1056D000312E2057726974696E6720746F206120C3
:1056E00064656661756C742052414D20616464721A
:1056F0006573730D000909322E20524F4D207061E1
:105700007269747920636865636B0D000909332E33
:10571000204452414D20746573740D000909342EE4
:10572000204452414D207465737420657874656E11
:105730006465640D000909352E20457874656E7323
:10574000696F6E204452414D207465737420283176
:10575000204D62290D000909362E20566964656FB7
:105760002F417564696F20486F737420696E74658A
:10577000726661636520746573740D000909372EC4
:1057800020464D562074657374206D656E750D004E
:105790000909382E204453502074657374206D65B8
:1057A0006E750D000909392E2050616C20746573E7
:1057B00074206D656E750D0044737020746573748C
:1057C000636F646520646F776E6C6F6164696E6788
:1057D000206F6B200D004D4F4E4F20426F61726461
:1057E0002064657465637465642C20464D562043BF
:1057F0006F7272656374696F6E2068696768004DC7
:10580000494E49204D4D4320646574656374656459
:105810002C20464D5620436F7272656374696F6E1B
:10582000206C6F77000D0909506C65617365206D00
:10583000616B6520612073656C656374696F6E3A96
:105840002000524F4D2049643A2000253032782004
:1058500020202020204353554D303A2025303478E5
:105860000D0052656C206E723A202530327820206F
:10587000202020204353554D313A202530347800E4
:105880004552524F522052313A2020464D56205216
:105890004F4D206373756D206572726F7200577281
:1058A0006974696E6720746F20464D5620445241DA
:1058B0004D2E2E2E004552524F522052323A204643
:1058C0004D56204452414D202D3E202000616464FD
:1058D000723A2025303678202065787065637465CB
:1058E000643A202530347820207265616465643A1A
:1058F0002025303478200D004552524F522052332B
:105900003A20464D56204452414D202D3E20200045
:10591000616464723A20253036782020657870659D
:10592000637465643A2025303478202072656164A0
:1059300065643A2025303478200D004452414D20D2
:1059400074657374206F6B0046696C6C696E6720B8
:10595000464D56204452414D20776974682070614D
:10596000747465726E3A20002530347820203A2015
:10597000005265616420464D56204452414D202B13
:1059800020436F6D706172653A20004552524F524C
:105990002052333A20464D56204452414D202D3E50
:1059A000202000616464723A20253036782020651A
:1059B000787065637465643A2025303478202072ED
:1059C00065616465643A20253034780D0046696C61
:1059D0006C696E6720464D56204452414D207769D0
:1059E0007468206F776E20616464726573732061E0
:1059F0007320646174613A20005265616420464DF1
:105A000056204452414D202B20436F6D70617265CA
:105A10003A20004552524F522052343A20464D56B9
:105A2000204452414D202D3E202000616464723A92
:105A30002025303678202065787065637465643A77
:105A4000202530367820207265616465643A20250F
:105A50003036780D00457874656E64656420445274
:105A6000414D2074657374206F6B004552524F5244
:105A70002052353A204E6F20464D562045787465A9
:105A80006E73696F6E2052414D20617661696C6161
:105A9000626C65200D0046696C6C696E6720464D2E
:105AA0005620457874656E73696F6E204452414D7F
:105AB0002077697468206F776E2061646472657303
:105AC0007320617320646174613A200052656164DF
:105AD00020464D5620457874656E73696F6E20447C
:105AE00052414D202B20436F6D706172653A20004A
:105AF0004552524F522052363A20464D5620457854
:105B000074656E73696F6E204452414D202D3E20A6
:105B10002000616464723A20253036782020657850
:105B20007065637465643A2025303678202072658C
:105B3000616465643A20253036780D004552524F35
:105B4000522052373A2052657475726E696E672022
:105B5000464D5620457874656E73696F6E204452C9
:105B6000414D00464D5620457874656E73696F6EE1
:105B7000204452414D2074657374206F6B0054654E
:105B80007374696E6720566964656F20486F73741B
:105B900020696E746572666163653A2000455252F1
:105BA0004F522056313A20566964656F20486F7312
:105BB0007420696E74657266616365206572726FC8
:105BC00072004552524F522056323A20566964654F
:105BD0006F20486F737420696E74657266616365C7
:105BE000206572726F72006F6B200D0054657374C4
:105BF000696E6720417564696F20486F737420690E
:105C00006E746572666163653A20004552524F5268
:105C10002041313A20417564696F20486F737420C8
:105C2000696E74657266616365206572726F720079
:105C30004552524F522041323A20417564696F20DB
:105C4000486F737420696E74657266616365206560
:105C500072726F72004552524F522041333A2041C6
:105C60007564696F20486F737420696E746572661D
:105C7000616365206572726F72006F6B0007004789
:105C800069766520464D562052414D20616464720C
:105C90006573732028776F726420626F756E64611C
:105CA00072793A20453830303030202D2045464634
:105CB000464646293A200057524F4E4720494E50FB
:105CC00055543A202041646472657373206E6F747A
:105CD00020696E20464D562052414D2072616E67FC
:105CE000650057524F4E4720494E5055543A202098
:105CF00041646472657373206E6F74206F6E2061EF
:105D000020576F726420626F756E646172790057FC
:105D1000726974696E6720636F6E74696E756F75F2
:105D200073202862697473686966742920746F200F
:105D3000616464726573733A200025303678200DF3
:105D4000005072657373205E45206F72205E4320A1
:105D5000746F2073746F702E2E2E002E003E002E56
:105D6000003E002E003E00464D56204C6F77204CE2
:105D70006576656C2054657374202D20464D562041
:105D80004D656E75000D000909302E204578697447
:105D900020464D56204D656E750D000909312E20A7
:105DA000464D5620436F7272656374696F6E20684A
:105DB0006967680D000909322E20464D5620436F51
:105DC0007272656374696F6E206C6F770D000909DC
:105DD000332E20464D562054657374696D61676596
:105DE0000D000909342E20464D56204F6666736516
:105DF0007420746573740D000909352E20564344D0
:105E00002054657374696D61676520746573740DE2
:105E1000000909362E20564344204F666673657488
:105E200020746573740D000909372E2056434420F1
:105E3000526567697374657220686967680D000947
:105E400009382E2056434420526567697374657281
:105E5000206C6F770D000D0909506C65617365202A
:105E60006D616B6520612073656C656374696F6E2D
:105E70003A200053657420566964656F20436F7241
:105E800072656374696F6E20686967680053657432
:105E900020566964656F20436F7272656374696F21
:105EA0006E206C6F770053657420564344207265F2
:105EB0006769737465722068696768005365742048
:105EC000564344207265676973746572206C6F77FE
:105ED000000700464D56204C6F77204C6576656C68
:105EE0002054657374202D2050616C2054657374A8
:105EF000204D656E75000D000909302E204578692A
:105F0000742050616C2074657374204D656E750D3E
:105F1000000909312E2047656E6572617465206342
:105F20007320464D41205265676973746572207213
:105F3000616E67650D000909322E2047656E657236
:105F400061746520637320464D56205265676973FE
:105F50007465722072616E67650D000909332E2029
:105F600047656E65726174652063732066756C6C3D
:105F700020524F4D2072616E67650D000909342E65
:105F800020577269746520746F2066756C6C20529E
:105F9000414D2072616E67650D000909352E205252
:105FA0006561642066726F6D2066756C6C2052416D
:105FB0004D2072616E67650D000D0909506C6561B9
:105FC0007365206D616B6520612073656C6563741A
:105FD000696F6E3A200046756C6C2072616E676561
:105FE00020464D4120726567697374657273204362
:105FF000530D005072657373205E45206F72205EF2
:106000004320746F2073746F702E2E2E0046756CB3
:106010006C2072616E676520464D56207265676917
:1060200073746572732043530D005072657373204F
:106030005E45206F72205E4320746F2073746F7012
:106040002E2E2E0046756C6C20524F4D2072616EC4
:1060500067652043530D005072657373205E4520C1
:106060006F72205E4320746F2073746F702E2E2E1B
:106070000057726974652066756C6C2052414D2022
:1060800072616E67650D005072657373205E452006
:106090006F72205E4320746F2073746F702E2E2EEB
:1060A00000526561642066756C6C2052414D20720F
:1060B000616E67650D005072657373205E45206FD9
:1060C00072205E4320746F2073746F702E2E2E002A
:1060D00007004E55000048E7C08041FA049C2208A2
:1060E000202E8676610025CE2D4081CE42A7222E1D
:1060F000867E202E8676610025B0588F42A72F2EEF
:1061000081CE222E867E202E8676610025C6508F77
:106110004CED0102FFF84E5D4E754E55000048E70C
:10612000C00042A7222E867E202E8676610025B0F2
:10613000588F222E81CE202E8676610025AA4CED26
:106140000002FFFC4E5D4E754E55000048E7E080B2
:10615000598F42A74878011A7200202E8676610076
:1061600026D6508F2D40868242A72F2F000C72001A
:10617000202E8676610026E8508F2D40868642A725
:106180002F2E8686222E8682202E86766100273A42
:10619000508F2F3CD80000004878000A222E8682BB
:1061A000202E867661002764508F2F3C70000000FF
:1061B00048780003222E8682202E86766100274CA6
:1061C000508F2F3CCA00000048780009222E86829A
:1061D000202E867661002734508F2F3CD900000096
:1061E0004878000B222E8682202E86766100271C9E
:1061F000508F2F3C7800040042A7222E8682202E4A
:10620000867661002706508F2F3C6000000048789A
:106210000002222E8682202E8676610026EE508F86
:106220002F3CC00C131348780004222E8682202EA7
:106230008676610026D6508F2F3CD800000748781C
:10624000000A222E8682202E8676610026BE508F7E
:106250002F3CC180000148780005222E8682202E26
:106260008676610026A6508F2F3CC2000000487839
:106270000006222E8682202E86766100268E508F82
:106280002F3CC407070748780007222E8682202E5D
:10629000867661002676508F2F3CC7000000487834
:1062A0000008222E8682202E86766100265E508F80
:1062B0002F3CDB00003F4878000C222E8682202EE7
:1062C000867661002646508F2F3CC3000000487838
:1062D000000D222E8682202E86766100262E508F7B
:1062E0002F3CC30000014878004E222E8682202ECB
:1062F000867661002616508F2F3C100000004878EB
:106300000119222E8682202E8676610025FE508F6E
:106310004297600000682017E58841EE80CE20306B
:10632000080072182417E3AA80820680800000000B
:106330002F00700ED0AF00042F00222E8682202E58
:106340008676610025C6508F2017E58841EE80CE05
:106350002030080072182417E3AA8082068080008B
:1063600000002F00704FD0AF00042F00222E868235
:10637000202E867661002594508F52977040B097FA
:106380006E00FF9442976000002C70182217E1A95C
:106390000081D00000002F01203C00000111D0AF8F
:1063A00000042F00222E8682202E86766100255C36
:1063B000508F52977008B0976E00FFD0206E867A8B
:1063C000203C00FFFFFFC0A8000408C0001E2F00F3
:1063D00042A742A7222E8686202E8676610025209F
:1063E0004FEF000C7200202E8676610024BC42A77D
:1063F000222E8682202E867661002520588F588F87
:106400004CED0104FFF84E5D4E754E55000048E717
:10641000C0004FEFFFF472017003610021482F406C
:1064200000084AAF000867000076202F00086100CE
:1064300021AA2F4000044AAF00046700004C487AAC
:106440000140222F0008700061002692588F4A8078
:106450006700000A70022E8060000022487A012640
:10646000222F0008700061002674588F4A80670050
:10647000000A70012E80600000044297202F000463
:106480006100263A6000000C70FF4FEF000C6000C6
:106490000024202F0008610026246000000C70FFFB
:1064A0004FEF000C6000000E20174FEF000C600053
:1064B00000044E714CED0002FFFC4E5D4E754E55D2
:1064C000000048E7C08042A742A72F2F000C2F2FC3
:1064D000000C487800047200202E86766100225E4F
:1064E0004FEF00142D40867A6600000A42AE867E89
:1064F0006000000C206E867A30502D48867E4CED70
:106500000100FFFC4E5D4E754E55000048E7C0008F
:106510004AAE86866700000E222E8686202E86765C
:10652000610023544AAE86826700000E222E8682C6
:10653000202E8676610023624CED0002FFFC4E5D4A
:106540004E754E55000048E7C0004AAE867A670097
:10655000001E4AAE867E6700000E222E867E202E0A
:106560008676610022BA202E867A610025504CED95
:106570000002FFFC4E5D4E75464F4E5438583800B1
:1065800036323500545600004E55000048E7C080B2
:106590004FEFFFE47201700361001FCA2F40001823
:1065A0006600001441FA0672200861002448202E7B
:1065B000800C61002E647203202F00186100247E7D
:1065C0002D408676202F0018610024F26000001C08
:1065D00070012F4000046000003A42AF00046000E8
:1065E000003242AF00046000002A6100FE1E2F400E
:1065F00000100C80000000FF620000184A006700D5
:10660000FFD00C0000016700FFD20C000002670001
:10661000FFD2222F0004202E867661002294202FA4
:106620000010610007804AAF00106600000E2F7C4A
:10663000000002D0000C6000000A2F7C0000030064
:10664000000C4AAF00106700000C7001B0AF0010E2
:106650006600000E2F7C000001E000086000000AC8
:106660002F7C000002300008222F0008202F000C91
:106670006100FE4C222F0008202F000C6100FACA96
:10668000202F0010610003B44FEF001C4CED0102FD
:10669000FFF84E5D4E754E55000048E780006100E2
:1066A000FE686100FE9E70FFB0AE86766700000A4D
:1066B000202E8676610023B64E5D4E754E55000045
:1066C00048E7C0802F3CC180000048780005222E9A
:1066D0008682202E867661002232508F41FA054B49
:1066E000200861001B346100050C61000780610017
:1066F00004E041FA05512008610022FA41EE82EEE1
:106700002008610023104CED0102FFF84E5D4E752C
:106710004E55000048E7C0802F3CC18000004878FB
:106720000005222E8682202E8676610021DE508F83
:1067300041FA051A200861001AE0610004B86100FE
:1067400008386100048C41FA05202008610022A667
:1067500041EE82EE2008610022BC4CED0102FFF800
:106760004E5D4E754E55000048E7C0802F3CC180FD
:10677000000148780005222E8682202E8676610050
:10678000218A508F41FA04E9200861001A8C6100C7
:106790000464610008F661000438610000D24CED29
:1067A0000102FFF84E5D4E754E55000048E7C0806F
:1067B0002F3CC180000148780005222E8682202EC1
:1067C000867661002146508F41FA04BB20086100A3
:1067D0001A486100042061000C9A610003F4610012
:1067E000008E4CED0102FFF84E5D4E754E550000D7
:1067F00048E7C0804FEFFFE841FA04A12F480004AA
:1068000041FA04B42F48000841FA04C02F48000C94
:1068100041FA04CE2F48001041FA04DC2F4800143E
:10682000610019B441FA04E7200861001A347200CB
:1068300070046100197C41FA04FA2008610021B655
:106840004297600000142017E58841EF00042030D3
:106850000800610021A052977005B0976E00FFE814
:106860004FEF00184CED0102FFF84E5D4E754E558E
:10687000000048E7C0804FEFFFC46100FF702F7C2D
:1068800000E04000000472007010610019246100F3
:10689000196C7200700F6100191841FA04982008F1
:1068A0006100215241EE82D220086100213C1F404C
:1068B000001441EE82D220086100211E4AAE801EE3
:1068C0006700000C61001910700061002B4C600023
:1068D00001286100E86E70004FEF003C600001523B
:1068E0006000013C206F00043F68006C0002206FD4
:1068F00000043EA8006E536F0002206F0004316F49
:106900000002006C41FA044B20086100190C306F42
:1069100000022F08306F0004220841FA043A2008D0
:10692000610020D2588F600000F6206F00043F689D
:10693000006C0002206F00043EA8006E526F00023F
:10694000206F0004316F0002006C41FA0419200826
:10695000610018C6306F00022F08306F0004220853
:1069600041FA040820086100208C588F600000B0B4
:10697000206F00043F68006C0002206F00043EA8F6
:10698000006E5357206F00043157006E41FA03EB3D
:10699000200861001884306F00022F08306F000457
:1069A000220841FA03DA20086100204A588F60006B
:1069B000006E206F00043EA8006E5257206F000446
:1069C0003157006E41FA03C720086100184C306F40
:1069D00000022F08306F0004220841FA03B6200895
:1069E00061002012588F6000003641FA03B520087C
:1069F0006100182660000028102F00144880044011
:106A000000300C4000046200FFE2D040303B000642
:106A10004EFB0002FEBEFED0FF16FF5CFF9E206F05
:106A20000004317C023C00C26000FE5C4FEF003C81
:106A30004CED0102FFF84E5D4E754E55000048E7E3
:106A40008080598F2EBC00E040002057317C0180AF
:106A500000267002B0AF0004660000162057317C9B
:106A6000018000522057317C011800546000001250
:106A70002057317C018000522057317C00F00054B7
:106A80002057317C002000662057317C00200068B0
:106A90002057317C0020006A7002B0AF000466000D
:106AA00000666000004A2057317C001A006C2057B5
:106AB000317C004A006E2057317C0118007020574D
:106AC000317C018000726000003A2057317C001A4E
:106AD000006C2057317C004E006E2057317C01182D
:106AE00000702057317C0180007260000016202E5B
:106AF00080224A806700FFD40C80000000016700FC
:106B0000FFA6600000626000004A2057317C00123E
:106B1000006C2057317C004A006E2057317C0123E5
:106B200000702057317C018000726000003A2057CD
:106B3000317C0012006C2057317C004E006E2057D3
:106B4000317C012300702057317C0180007260008D
:106B50000016202E80224A806700FFD40C8000009F
:106B600000016700FFA62057426800742057426862
:106B700000767002B0AF0004660000162057317C2A
:106B80000180007A2057317C0118007860000012E3
:106B90002057317C0180007A2057317C00F000784A
:106BA00020574268007C20574268007E2057317C85
:106BB000200000C02057317C880100C62057317C5E
:106BC000004000C2588F4CED0100FFFC4E5D4E7539
:106BD0004E55000048E78080598F2EBC00E04000F1
:106BE0002057317C023C00C2588F4CED0100FFFC65
:106BF0004E5D4E754E55000048E78080598F2EBC83
:106C000000E040002057317C004000C2588F4CED1E
:106C10000100FFFC4E5D4E754E6F20766964656F16
:106C200020696E206373640D004275696C64696E3F
:106C30006720757020464D5620436F6C6F726261FD
:106C4000722E2E2E0020646F6E652E004275696CC8
:106C500064696E672075702056434420436F6C6FE3
:106C6000726261722E2E2E0020646F6E652E0042BD
:106C700075696C64696E6720757020696D61676500
:106C8000732E2E2E004275696C64696E67207570D4
:106C900020696D616765732E2E2E000909302E2044
:106CA0004578697420464D56204F6666736574209A
:106CB0004D656E750D000909312E20464D56207028
:106CC0006C616E65207570200D000909322E20461A
:106CD0004D5620706C616E6520646F776E200D00DC
:106CE0000909332E20464D5620706C616E65206C6C
:106CF000656674200D000909342E20464D5620701B
:106D00006C616E65207269676874200D00464D568F
:106D1000204C6F77204C6576656C20546573742029
:106D20002D20464D56204F6666736574204D656E66
:106D300075000D000D0909506C65617365206D616A
:106D40006B6520612073656C656374696F6E3A20B2
:106D500000586F3A2000253032642020596F3A20C5
:106D60002530326400586F3A2000253032642020EC
:106D7000596F3A202530326400586F3A2000253090
:106D800032642020596F3A202530326400586F3A1F
:106D90002000253032642020596F3A20253032649B
:106DA000000700004E55000048E780007002B097D1
:106DB000660000462D7C001010B480F62D7C00107B
:106DC000B41080FA2D7C00B4101081022D7C0010CC
:106DD000B4B480FE2D7C00B410B481062D7C00B4C8
:106DE000B410812A2D7C00EBEBEB812E2D7C001062
:106DF00010108132600000422D7C002020B480F60B
:106E00002D7C0020B42080FA2D7C00B4202081024B
:106E10002D7C0020B4B480FE2D7C00B420B481060B
:106E20002D7C00B4B420812A2D7C00B4B4B4812E12
:106E30002D7C0020202081322D7C00070707813621
:106E40002D7C00C6C6C6810A2D7C0084C0AC81564C
:106E50002D7C0084B6C0815A2D7C00847AA7815E87
:106E60002D7C0000726881624E5D4E754E550000AB
:106E700048E7EEC04FEFFF8C1F7C0018006C1F7CB2
:106E80000017006D1F7C000C006E1F7C000B006F54
:106E90001F7C000E00701F7C000D00711F7C000A1B
:106EA00000721F7C001900737C006000002C20061B
:106EB000720C6100205441EF000CD088220041EE9A
:106EC00080CE200841EF006C740014306800E58A21
:106ED000D0826100099452867008B0866E00FFD09F
:106EE000206E867A306800162F480008206E867A59
:106EF000306800142F4800042EBC00E80000780021
:106F0000600000607A00600000507C00600000407B
:106F10002005720C61001FF241EF000C22575897B8
:106F200022B008002005720C61001FDE41EF000C4A
:106F30002257589722B008042005720C61001FCA1E
:106F400041EF000C2257589722B008085286700C67
:106F5000B0866E00FFBC52857008B0856E00FFAC35
:106F60005284B8AF00086D00FF9C4FEF00744CEDE9
:106F70000376FFE44E5D4E754E55000048E7EEC0C7
:106F80004FEFFF8C1F7C0018006C1F7C0017006DFA
:106F90001F7C000C006E1F7C000B006F1F7C000E1E
:106FA00000701F7C000D00711F7C000A00721F7CA6
:106FB000001900737C006000002C2006720C610038
:106FC0001F4841EF000CD088220041EE80CE2008FF
:106FD00041EF006C740014306800E58AD0826100D3
:106FE000088852867008B0866E00FFD0206E867AC0
:106FF000306800162F480008206E867A306800142A
:107000002F4800042EBC00E80000780060000066F5
:107010007A00600000507C00600000402005720C87
:1070200061001EE641EF000C2257589722B008007D
:107030002005720C61001ED241EF000C22575897B8
:1070400022B008042005720C61001EBE41EF000C46
:107050002257589722B008085286700BB0866E00EF
:10706000FFBC52857008B0856E00FFAC7060D09791
:107070002E805284B8AF00086D00FF964FEF007469
:107080004CED0376FFE44E5D4E754E55000048E72B
:10709000CC804FEFFFD0206E867A306800162F48E4
:1070A000002C206E867A306800142F480028206E4D
:1070B000867A2F680004001C7800600000627A0065
:1070C00060000010206F001C52AF001C10BC0018A4
:1070D0005285202F002855806C0000045280E280E9
:1070E000B0856E00FFE0206F001C52AF001C10BC8A
:1070F0000019206F001C52AF001C10BC00195485F1
:107100002A0560000010206F001C52AF001C10BC4C
:1071100000185285BAAF00286D00FFEC5284202F72
:10712000002C55806C0000045280E280B0846E0018
:10713000FF8E2804600000207A0060000010206F9D
:10714000001C52AF001C10BC00195285BAAF0028B9
:107150006D00FFEC5284202F002C6C000004528044
:10716000E2805280B0846E00FFD02804600000628C
:107170007A0060000010206F001C52AF001C10BC91
:1071800000185285202F002855806C000004528082
:10719000E280B0856E00FFE0206F001C52AF001C43
:1071A00010BC0019206F001C52AF001C10BC00194D
:1071B00054852A0560000010206F001C52AF001C8F
:1071C00010BC00185285BAAF00286D00FFEC528445
:1071D000B8AF002C6D00FF9A202F002C6C0000042B
:1071E0005680E480223C0000018061001D1C72601A
:1071F000D081206E867AD0A800042F40001C202F5A
:10720000002C6C0000045680E48028006000002AF6
:107210007A6060000010206F001C52AF001C10BC90
:10722000001A52850C85000001206D00FFEA06AFB0
:10723000000000C0001C5284202F002C6C000004B1
:107240005680E480222F002C9280B2846E00FFC210
:107250002F7CEBEBEBEB00042F7C80808080000820
:107260002F7CEBEBEBEB000C2F7C101010100010C0
:107270002F7C8080808000142F7C1010101000184C
:10728000202F002C6C0000045280E2802F4000244C
:10729000202F00286C0000045680E4802F4000203E
:1072A0002EBC00E8000078006000009E7A006000BC
:1072B000001C2057589720AF00042057589720AF44
:1072C00000082057589720AF000C5285202F00202F
:1072D00055806C0000045280E280B0856E00FFD4BF
:1072E0002057589720BCEBEBEBEB2057589720BC6E
:1072F000808080802057589720BCEB10EB102057DF
:10730000589720BC10EB10EB2057589720BC80807A
:1073100080802057589720BCEBEBEBEB54852A0577
:107320006000001C2057589720AF00042057589742
:1073300020AF00082057589720AF000C5285BAAFF5
:1073400000206D00FFE05284202F002455806C0047
:1073500000045280E280B0846E00FF527A00600028
:1073600000222057589720BCEBEB1010205758975D
:1073700020BC808080802057589720BCEBEB1010F9
:107380005285BAAF00206D00FFDA7A00600000225B
:107390002057589720BC1010EBEB2057589720BC73
:1073A000808080802057589720BC1010EBEB5285CE
:1073B000BAAF00206D00FFDA548428046000009EFC
:1073C0007A006000001C2057589720AF0004205717
:1073D000589720AF00082057589720AF000C5285CF
:1073E000202F002055806C0000045280E280B08580
:1073F0006E00FFD42057589720BCEBEBEBEB2057E7
:10740000589720BC808080802057589720BCEB1074
:10741000EB102057589720BC10EB10EB20575897D3
:1074200020BC808080802057589720BCEBEBEBEB92
:1074300054852A056000001C2057589720AF00048F
:107440002057589720AF00082057589720AF000CBE
:107450005285BAAF00206D00FFE05284B8AF00241F
:107460006D00FF5E4FEF00304CED0132FFF04E5DDE
:107470004E754E55000048E7CC804FEFFFD0206E90
:10748000867A306800162F48002C206E867A306885
:1074900000142F480028206E867A2F680004001CF4
:1074A0007800600000627A0060000010206F001C0D
:1074B00052AF001C10BC00185285202F00285580A8
:1074C0006C0000045280E280B0856E00FFE0206F07
:1074D000001C52AF001C10BC0019206F001C52AFE2
:1074E000001C10BC001954852A0560000010206F94
:1074F000001C52AF001C10BC00185285BAAF002807
:107500006D00FFEC5284202F002C55806C0000048D
:107510005280E280B0846E00FF8E2804600000205C
:107520007A0060000010206F001C52AF001C10BCDD
:1075300000195285BAAF00286D00FFEC5284202F4D
:10754000002C6C0000045280E2805280B0846E00F7
:10755000FFD02804600000627A0060000010206FF5
:10756000001C52AF001C10BC00185285202F0028B0
:1075700055806C0000045280E280B0856E00FFE010
:10758000206F001C52AF001C10BC0019206F001CA3
:1075900052AF001C10BC001954852A056000001071
:1075A000206F001C52AF001C10BC00185285BAAFEF
:1075B00000286D00FFEC5284B8AF002C6D00FF9ADC
:1075C000202F002C6C0000045680E480223C000038
:1075D0000180610019347260D081206E867AD0A853
:1075E00000042F40001C202F002C6C00000456804B
:1075F000E48028006000002A7A6060000010206F9C
:10760000001C52AF001C10BC001A52850C850000F3
:1076100001206D00FFEA06AF000000C0001C52848C
:10762000202F002C6C0000045680E480222F002CB8
:107630009280B2846E00FFC22F7CEBEBEBEB000478
:107640002F7C8080808000082F7CEBEBEBEB000C24
:107650002F7C1010101000102F7C80808080001470
:107660002F7C101010100018202F002C6C0000042C
:107670005280E2802F40002470582F4000202EBC02
:1076800000E800007800600000A47A006000001CA0
:107690002057589720AF00042057589720AF000874
:1076A0002057589720AF000C5285202F002055807E
:1076B0006C0000045280E280B0856E00FFD4205739
:1076C000589720BCEBEBEBEB2057589720BC808001
:1076D00080802057589720BCEB10EB10205758970C
:1076E00020BC10EB10EB2057589720BC8080808086
:1076F0002057589720BCEBEBEBEB54852A05600034
:10770000001C2057589720AF00042057589720AFEF
:1077100000082057589720AF000C5285BAAF0020C0
:107720006D00FFE07060D0972E805284202F0024DF
:1077300055806C0000045280E280B0846E00FF4CE3
:107740007A00600000222057589720BCEBEB101005
:107750002057589720BC808080802057589720BCA5
:10776000EBEB10105285BAAF00206D00FFDA7060AD
:10777000D0972E807A00600000222057589720BCB6
:107780001010EBEB2057589720BC8080808020574A
:10779000589720BC1010EBEB5285BAAF00206D005B
:1077A000FFDA7060D0972E8054842804600000A413
:1077B0007A006000001C2057589720AF0004205723
:1077C000589720AF00082057589720AF000C5285DB
:1077D000202F002055806C0000045280E280B0858C
:1077E0006E00FFD42057589720BCEBEBEBEB2057F3
:1077F000589720BC808080802057589720BCEB1081
:10780000EB102057589720BC10EB10EB20575897DF
:1078100020BC808080802057589720BCEBEBEBEB9E
:1078200054852A056000001C2057589720AF00049B
:107830002057589720AF00082057589720AF000CCA
:107840005285BAAF00206D00FFE07060D0972E80A7
:107850005284B8AF00246D00FF584FEF00304CED5C
:107860000132FFF04E5D4E754E55000048E7E08056
:107870004FEFFFF0206F0010700010280001223C35
:107880000000012B610016822400206F00107000A0
:1078900010280002223C0000024B6100166CD480CC
:1078A000206F0010700010280003C1FC0072D4800B
:1078B000223C000003E82002610016862F40000CE5
:1078C000206F001070001028000390AF000C223CC5
:1078D0000000023461001632223C000003E861001F
:1078E00016600680000000802F400008206F001006
:1078F00070001028000190AF000C223C000002C96B
:1079000061001606223C000003E861001634068080
:10791000000000802F4000041F6F000F00031F6F46
:10792000000B00021F6F000700017000102F000302
:107930007218E3A87200122F00037410E5A9D08119
:107940007200122F0003E189D0817200122F000310
:10795000D081206F001458AF001420807000102FC9
:1079600000027218E3A87200122F00027410E5A939
:10797000D0817200122F0001E189D0817200122F94
:107980000001D081206F001458AF001420807000D7
:10799000102F00037218E3A87200122F0003741056
:1079A000E5A9D0817200122F0003E189D081720015
:1079B000122F0003D081206F001458AF00142080D4
:1079C0004FEF00104CED0104FFF84E5D4E754E5523
:1079D000000048E7C080610007FE41FA05AC2008BE
:1079E0006100087E72007004610007C641FA05B8A4
:1079F00020086100100041FA05B0200861000FF670
:107A000041FA05BA200861000FEC41FA05C62008CA
:107A100061000FE241FA05D4200861000FD841FA55
:107A200005DD200861000FCE41FA05EA200861005B
:107A30000FC44CED0102FFF84E5D4E754E5500002F
:107A400048E7C0804FEFFFD46100FF8472007010E0
:107A50006100075E610007A67200700F61000752A7
:107A600041FA05CA200861000F8C41EE82D220083D
:107A700061000F761E8041EE82D2200861000F5A0D
:107A80004AAE801E6700000C6100074C7000610068
:107A900019886000007C6100CAEA70004FEF002C7A
:107AA0006000009C600000906100009E6000008803
:107AB000610001526000008041FA058F20086100DA
:107AC000075860000072206E802630BC0001206ED6
:107AD000802A30BC009741FA059120086100073ADE
:107AE00060000054206E802630BC0001206E802A89
:107AF00030BC009941FA058420086100071C600031
:107B0000003641FA058820086100070E6000002851
:107B100010174880044000300C4000056200FFE46C
:107B2000D040303B00064EFB0002FF6CFF7EFF861C
:107B3000FF8EFF9CFFBA6000FF144FEF002C4CED4E
:107B40000102FFF84E5D4E754E55000048E7C080BB
:107B5000558F206E802630BC0003206E802A30BCFA
:107B600000AA206E80264250206E802A4250206E4D
:107B7000802630BC0003206E802A102800011F40A0
:107B800000010C0000AA670000187000102F00010F
:107B9000220041FA04FA20086100067E6000005AC3
:107BA000206E802630BC0003206E802A30BC005539
:107BB000206E80264250206E802A4250206E802601
:107BC00030BC0003206E802A102800011F400001F5
:107BD0000C000055670000187000102F00012200F3
:107BE00041FA04DA2008610006306000000C41FA16
:107BF00004F8200861000622548F4CED0102FFF8C2
:107C00004E5D4E754E55000048E780804FEFFFF403
:107C100042AF000870012E802D7C00E030228026CB
:107C20002D7C00E03024802A206E80264250206E79
:107C3000802A30BC00806000008041EE868A2008E7
:107C4000D0AF0008610001441F40000554AF000898
:107C500041EE868A2008D0AF00086100012E1F4047
:107C6000000654AF000841EE868A2008D0AF000815
:107C7000610001181F40000756AF0008206E8026E3
:107C800030BC0005206E802A7000102F0005308067
:107C9000206E802630BC0006206E802A7000102FD7
:107CA00000063080206E802630BC0007206E802ABF
:107CB0007000102F00073080202F000841EE868AC8
:107CC0004A3008006600FF7442AF000860000006FA
:107CD00052AF00080CAF0000138800086D00FFF2DF
:107CE000206E80264250206E802A30BC008842AF31
:107CF00000086000000652AF00080CAF00001388B7
:107D000000086D00FFF2206E802630BC0002206E5D
:107D1000802A7008C0500C4000086700000E41FA2D
:107D200003DB2008610004F24297206E8026425057
:107D3000206E802A30BC001042AF000860000006B0
:107D400052AF00080CAF0000138800086D00FFF26E
:107D5000206E802630BC0002206E802A7008C05041
:107D60000C4000086600000E41FA03C020086100C4
:107D700004A8429720174FEF000C600000044E71DA
:107D80004CED0100FFFC4E5D4E754E55000048E77E
:107D90008080558F206F00020C10003A64000014A0
:107DA000206F000270D0D010E9081F400001600071
:107DB0000010206F000270C9D010E9081F400001B8
:107DC000206F00020C28003A000164000018206FA8
:107DD000000270D0D0280001802F00011F40000158
:107DE00060000014206F000270C9D0280001802FAD
:107DF00000011F400001102F0001548F600000049B
:107E00004E714CED0100FFFC4E5D4E754E5500006D
:107E100048E780804FEFFFF04297206E802630BC0D
:107E20000001206E802A30BC0093206E802630BC7A
:107E300000026000011A206E802A08280003000159
:107E40006700010C206E802630BC0001206E802A65
:107E500030BC0094206E802630BC0007206E802A43
:107E600030502F48000C206E802A30502F48000CD4
:107E7000206E802630BC0005206E802A30502F48AE
:107E8000000C202F000CE1882F40000C206E802673
:107E900030BC0006206E802A30502F48000C202F66
:107EA000000CE1882F40000C206E802A301048C062
:107EB000D1AF000C206E802630BC0005206E802AD9
:107EC00030502F480008202F000CE1882F40000878
:107ED000206E802630BC0006206E802A30502F484D
:107EE0000008202F000CE1882F400008206E802A17
:107EF000301048C0D1AF0008206E802630BC00058D
:107F0000206E802A30502F480004202F000CE1887A
:107F10002F400004206E802630BC0006206E802A90
:107F200030502F480004202F000CE1882F4000041F
:107F3000206E802A301048C0D1AF0004206E802609
:107F400030BC0001206E802A30BC00955297206E14
:107F5000802A0828000400016600FEDC4A976700BA
:107F6000001041FA01F92008610002AE6000000C27
:107F700041FA01FE2008610002A04FEF00104CED15
:107F80000100FFFC4E5D4E75464D56204C6F77202C
:107F90004C6576656C2054657374202D20445350D5
:107FA000204D656E75000D000909302E2045786959
:107FB0007420445350204D656E750D000909312E13
:107FC0002044535020566563746F72207465737437
:107FD0000D000909322E2044535020446F776E6CF7
:107FE0006F616420746573740D000909332E204499
:107FF00053502052616D20746573740D000909346B
:108000002E204949532053696E652077617665209B
:108010006F6E0D000909352E204949532053696EB2
:10802000652077617665206F66660D000D09095041
:108030006C65617365206D616B6520612073656C93
:10804000656374696F6E3A20004453502052616D2D
:1080500074657374206E6F742079657420696D7017
:108060006C656D656E746564004949532053696E93
:10807000652057617665206F6E004949532053692A
:108080006E652057617665206F666600070056654D
:1080900063746F722074657374206572726F7220DE
:1080A0003A20726561646564203A2025692065780C
:1080B000706563746564203078616100566563742F
:1080C0006F722074657374206572726F72203A202B
:1080D000726561646564203A202569206578706561
:1080E0006374656420353500566563746F7220745F
:1080F00065737420706173736564004552524F520A
:108100002044313A202044535020446F776E6C6FE6
:108110006164696E67202D3E204846322D666C6191
:1081200067206E6F7420736574004552524F522061
:1081300044323A202044535020446F776E6C6F6174
:1081400064696E67202D3E204846322D666C61675B
:10815000206E6F7420636C6561726564004E756D8E
:10816000626572206F66206572726F72733A2000CA
:108170004453502052616D74657374207061737341
:10818000656420004E55000048E7C0804FEFFFF6C1
:10819000486E82D2720A41EF00042008610008464E
:1081A000588F4FEF000A4CED0102FFF84E5D4E75FF
:1081B0004E55000048E7C0802F2F0004222F0004F6
:1081C00041FA028C20086100082C588F4CED010008
:1081D000FFFC4E5D4E754E55000048E7808041FA29
:1081E000027720086100080E41EE82EE200861004F
:1081F00008244CED0100FFFC4E5D4E754E5500000D
:1082000048E7808041FA025C2008610007E84CEDF5
:108210000100FFFC4E5D4E754E55000048E7C080E2
:10822000720070166100FF8A6100FFD27200701741
:108230006100FF7E6100FFC6720070166100FF7270
:10824000221741FA02222008610007AA41EE82EEBD
:108250002008610007C04CED0102FFF84E5D4E752D
:108260004E55000048E7C080518F41FA01FD2F486C
:108270000004202F000461000974725092802E8146
:10828000202F000861000966B0976F00000C206F76
:108290000008201742300800720070006100FF12D1
:1082A000222F000441FA01D1200861000748202F45
:1082B0000008610009387250928070006100FEF27F
:1082C000222F000841FA01B8200861000728508FCA
:1082D0004CED0102FFF84E5D4E754E55000048E72B
:1082E000C0804FEFFFB0202E800C223C0000010028
:1082F00061000C782F00202E800C6C000008068096
:10830000000000FFE0802F002F2F005841FA017677
:10831000220841EF000C2008610006E24FEF000C3C
:1083200041D720086100FEF24FEF00504CED0102F2
:10833000FFF84E5D4E754E55000048E7C0804FEF88
:10834000FFB0202F00506100FED0725041D72008AE
:108350006100068E082E000482DF67000020026E96
:10836000FFEF82DE41FA012D20086100FEAC70FFB4
:108370004FEF0050600000426000003A2F2F005481
:1083800041FA0112220841EF000420086100069E14
:10839000588F7201B28067000008206F005442902D
:1083A00041FA00F520086100FE7070004FEF0050A8
:1083B000600000064FEF00504CED0100FFFC4E5DE9
:1083C0004E754E55000048E7C0804FEFFFB0202F9C
:1083D00000506100FE44725041D72008610006023F
:1083E000082E000482DF67000020026EFFEF82DEAD
:1083F00041FA00A620086100FE2070FF4FEF0050F8
:10840000600000426000003A2F2F005441FA008BB8
:10841000220841EF0004200861000612588F720103
:10842000B28067000008206F0054429041FA006E4D
:1084300020086100FDE470004FEF0050600000066E
:108440004FEF00504CED0100FFFC4E5D4E751B5B85
:1084500025643B256448001B5B303B30481B5B3286
:108460004A001B5B4B002573005048494C49505350
:10847000202D20434449001B5B376D257300257375
:108480001B5B6D0025732028253033643A2530337B
:1084900064290000256400000025780000004E5586
:1084A000000048E7802024400C1A003A66FA200AAF
:1084B0004CED0400FFFC4E5D4E754E55000048E744
:1084C000802024400C1A000D66FA200A4CED0400AE
:1084D000FFFC4E5D4E754E55000048E7C03024400D
:1084E00026416004528A528B4A1267200C12003ACD
:1084F000671A1013488048C0610009B422001012A6
:10850000488048C0610009A8B28067D84A1267064F
:108510000C12003A660E4A1367060C13003A660402
:108520007001600270004CED0C00FFF84E5D4E755E
:108530004E55000048E7C0302440200A610006AED6
:1085400052806100056C26404A80660470FF600A14
:10855000220A200B610006B4200B4CED0C02FFF444
:108560004E5D4E754E55000048E7CF8028002A0129
:108570007201202E8E5A610004C42E0072FFB28058
:10858000674C7C01602C41EE81D22008610006CC52
:10859000B084661E20065286B085661620076100EC
:1085A00004CC41EE81D22008610000A26100FF826C
:1085B000601E4878010041EE81D222082007610048
:1085C0000494588F4A806EBE2007610004A070009A
:1085D0004CED01F0FFEC4E5D4E754E55000048E746
:1085E000CCB02440200A67587201202E8E5A6100B8
:1085F000044C280072FFB2806746602841EE81D2A9
:1086000020086100FE9A26402200200A6100FEC870
:108610004A806710200461000454200B61566100F9
:10862000FF10601E4878010041EE81D2220820042C
:1086300061000422588F2A006EC220046100042EBB
:1086400070004CED0D32FFE84E5D4E754E5500004A
:1086500048E7803024400C1A003A66FA264A528ACB
:108660000C12003A66F84212200B4CED0C00FFF899
:108670004E5D4E754E55000048E7803024400C1A80
:10868000003A66FA264A6002528A0C12000D66F819
:108690004212200B4CED0C00FFF84E5D4E752F6E14
:1086A00076722F637364000048E77C807402382F71
:1086B000001E603848E77C8074042041323C00543E
:1086C0004E40008E64062D41800C70FF4CDF013E51
:1086D0004E7548E77C8074053A2F002260D048E749
:1086E0007C80740660C848E77C80740736016000AF
:1086F0000002323C00544E40008E650870004CDF92
:10870000013E4E752D41800C70FF60F248E77EC03F
:108710003601382F00263A2F002A48453A2F002EDE
:108720002C2F0030323C005174004E40008E640605
:1087300070FF2D41800C4CDF037E4E7548E77E8034
:108740003601382F00223A2F002648453A2F002ABA
:108750002C2F002C323C005174004E40008E6508D6
:1087600020084CDF017E4E7570002D41800C60F2B8
:1087700048E77FC03601740D323C00514E40008EF8
:10878000640670FF2D41800C4CDF03FE4E7548E7F8
:108790007FC03601740D323C00514E40008E64049F
:1087A000700060542008605448E77FC074013601AF
:1087B000382F002A4844382F002E602C48E77FC00D
:1087C000740236014843362F002A382F002E4844C1
:1087D000382F00323A2F003648453A2F003A3C2FC6
:1087E000003E48463C2F0042323C00514E40008E35
:1087F00065047000600670FF2D41800C4CDF03FEA5
:108800004E7548E77FC074042E2F004460B448E7DB
:108810007FC0740360AC48E77FC0740560EA48E736
:108820007FC03601740C60C048E77FC03601740B0E
:10883000206F002860B248E77C0074003A2F001EC9
:10884000382F001A3601323C00564E40008E650625
:108850004CDF003E4E7570FF2D41800C60F248E702
:108860007C00740660D648E77C00740360CE48E75D
:108870007C00740960C648E77000740B3601323C16
:1088800000564E40008E650870004CDF000E4E759D
:1088900070FF2D41800C60F248E77000740560DCC9
:1088A00048E77000741260D448E77000740F60CC21
:1088B00048E7700074133601323C00564E40008E7B
:1088C00065CE4CDF000E4E7548E77E00740C2A2FF3
:1088D0000020382F001E3601323C00564E40008EDC
:1088E000650870004CDF007E4E7570FF2D41800CD6
:1088F00060F248E77E00740D3C2F002660D048E708
:108900007E00740A2C2F002460C448E77E007404A3
:1089100060BC48E77E00741160B848E77E00740EC2
:1089200060B04E55000048E780387000284026406F
:108930002440700D720041FA006447EE800C760905
:108940002683262E866A242E8666286E8E5E4E40EC
:108950000021653E4A93671841FA0046726470022E
:108960004E40008C41FA003672DD003C000160226E
:108970003D7C004182DE426E82E03D7C000282FA54
:108980003D7C000182FC3D7C000283163D7C0002A0
:1089900083184CED1C00FFF44E5D4E7563696F004B
:1089A0002A2A2A2A2063696F207472617068616EB6
:1089B000646C6572206D69736D61746368202A2A26
:1089C0002A2A0D004E4D00004E4D00014E4D000272
:1089D0004E4D00034E4D00044E4D00054E4D000619
:1089E0004E4D00074E4D00084E4D00094E4D000AF9
:1089F0004E4D000B4E4D000C4E4D000D4E4D000ED9
:108A00004E4D000F4E4D00104E4D00114E4D0012B8
:108A10004E4D00134E4D00144E4D00154E4D001698
:108A20004E4D00174E4D00184E4D00194E4D001A78
:108A30004E4D001B4E4D001C4E4D001D4E4D001E58
:108A40004E4D001F4E4D00204E4D00214E4D002238
:108A50004E4D00234E4D00244E4D00254E4D002618
:108A60004E4D00274E4D00284E4D00294E4D002AF8
:108A70004E4D002B4E4D002C4E4D002D4E4D002ED8
:108A80004E4D002F4E4D00304E4D00314E4D0032B8
:108A90004E4D00334E4D00344E4D00354E4D003698
:108AA0004E4D00374E4D00384E4D00394E4D003A78
:108AB0004E4D003B4E4D003C4E4D003D4E4D003E58
:108AC0004E4D003F4E4D00414E4D00424E4D004335
:108AD0004E4D00444E4D00454E4D00404E55000059
:108AE00048E7C83028002441266F001C200453802A
:108AF000D5C06012220B200A528A61564A80670450
:108B00002004600852844A1266EA70004CED0C1092
:108B1000FFF44E5D4E754E55000048E7C830280002
:108B20002441266F001C20045380D5C06012220B04
:108B3000200A528A611C4A8067042004600A528419
:108B4000B8AF00206FE870004CED0C10FFF44E5DE4
:108B50004E754E55000048E7C0302440264160085D
:108B6000B50B6704700060064A1366F470014CEDA3
:108B70000C00FFF84E5D4E752F082040B300080032
:108B80000000665208010000C3896718B10965300A
:108B900062204A28FFFF660C60344A0067300C40B0
:108BA00000FF632A3018B05967F0650E0C4000FFD3
:108BB00063167001205FC3894E750C4000FF630887
:108BC00070FF205FC3894E754A29FFFE66F2700070
:108BD000205FC3894E75C38970001018B01956C83C
:108BE000FFFA65DC5240205FC3894E752F08204094
:108BF0004A18670C4A1867084A1867044A1866F04A
:108C000091C020085380205F4E752F082040C389F3
:108C100010D9670C10D9670810D9670410D966F00D
:108C2000205FC3894E752F082040C3894A18670CFE
:108C30004A1867084A1867044A1866F01159FFFF76
:108C400066CE60DC2F082040C38910D96AFC421030
:108C50000220007F205FC3894E754E55000048E713
:108C6000C02024404878000A7200200A6100000EEB
:108C7000588F4CED0402FFF84E5D4E754E550000C6
:108C800048E7CEB024402641282F00287A007C00F7
:108C9000101A488048C041EE8E63103008004880AA
:108CA0000800000466EA60065285528A60101022AD
:108CB00048800C40002B67F20C40002D67EA42AE62
:108CC000800C2F04220B200A61000058588F2C00C2
:108CD0000CAE00000100800C67144A8567080C8602
:108CE0008000000062080C867FFFFFFF631E4A853C
:108CF0006708203C800000006006203C7FFFFFFFEB
:108D00002C002D7C00000100800C600A4A8567065B
:108D1000200644802C0020064CED0D70FFE84E5DCF
:108D20004E754E55000048E7CFB024402641282F0D
:108D3000002C7A007C00101A488048C041EE8E63F7
:108D40001030080048800800000466EA538A200BAF
:108D50006702268A7002B08463044A84662A7023FC
:108D6000B084652460365285528A0C2A007800014E
:108D700067080C2A0058000166184A8466047810B7
:108D8000600C7010B0846706700060000118548A8F
:108D900060264A8466227808528A601C1012488035
:108DA0000C4000FF62120C00002B67BC0C00002D71
:108DB00067B40C00003067B24A846602780A700A11
:108DC000B08465000080602870FF908722046100F5
:108DD00001AAB086650E200622046100012CD0870E
:108DE0002C00600A2D7C00000100800C7CFF528A60
:108DF0001012488048C041EE8E6310300800488051
:108E0000080000036700008C101248800440003006
:108E100048C02E00B08465B06000007870FF908775
:108E2000220461000156B086650E2006220461000E
:108E300000D8D0872C00600A2D7C00000100800C37
:108E40007CFF528A1012488048C041EE8E63103079
:108E50000800488008000003670E10124880044094
:108E6000003048C02E0060B41012488048C041EE67
:108E70008E6310300800488002400006671410120C
:108E80004880024000DF48C0723790812E00B084D5
:108E9000658A200B6702268A4A8567062006448079
:108EA0002C0020064CED0DF0FFE44E5D4E754E5546
:108EB000000048E7C080201741EE8E6312300800A2
:108EC00048810801000267080280000000DF60029C
:108ED00020174CED0102FFF84E5D4E754E55000017
:108EE00048E7C080201741EE8E63123008004881A9
:108EF00008010001670608C00005600220174CED5C
:108F00000102FFF84E5D4E7548E738002400260048
:108F1000484328014844C0C1C2C3C4C4C6C4484071
:108F2000D0417800D784D042D7844840424148415C
:108F300042424842D282D2834A804CDF001C4E75A6
:108F40002F0274004A806A04448074034A816A06CE
:108F500044810A0200016122E20A64024480E20ABA
:108F600064024481241F4A804E7561D4C1414A8005
:108F70004E756106C1414A804E7548E738002401AC
:108F8000660681FC0000606E5381676A280122003A
:108F9000B481650C67047000605C70019282605659
:108FA00026026BF6C6846612E28A76FFE28A55CB09
:108FB000FFFC4483E6A8C284603C700076FFE38235
:108FC0006A06B481620A600CB48154CBFFF2670474
:108FD0005283E28A44836004E380E28A92826510CD
:108FE000528051CBFFF4600EE380E28AD28265F0BA
:108FF00051CBFFF6D2824CDF001C4A804E752A5FAF
:1090000053856562101867F80C00000D67580C0056
:10901000002067EC0C00000967E60C00002C67E0FC
:1090200052820C00002267300C000027672A486833
:10903000FFFF53856530101867C60C00000D6712DE
:109040000C000020670C0C00000967060C00002CC7
:1090500066E04228FFFF60A8485053856508121853
:10906000B00166F660EC204F48572F02538267101C
:10907000E582203028002190280020C0518262F231
:109080004ED54E55000048E7608070004E40000A03
:109090006000036E4E55000048E76080206D0008B8
:1090A0002210204020174E40001765000356206D07
:1090B00000082081600003544E55000048E760809E
:1090C0004E40000F6000033AE18808C0001F4E5573
:1090D000000048E760804E40000A600003244E55BF
:1090E000000048E700C020412240222D00084E40E9
:1090F00000116560700060684E55000048E7C0C010
:1091000020404E4000106454604A4E55000048E72D
:10911000C0C02040224810190C00002F671A0C0014
:10912000002E66220C19002E67FA1021672E0C0003
:10913000002F6612204960DE10190C00002F670610
:109140000C00002E67DE4E40001065084A00670CD8
:10915000204960C22D41800C70FF60042009909767
:109160004CED0302FFF44E5D4E754E55000048E78E
:10917000608048E71860242D000C0802000F670883
:10918000262D0010282D001420402001222D00083B
:109190004E4000256502200A4CDF0618600002627E
:1091A0004E55000048E7608020404E40001A6500A0
:1091B000025220016000024A4E55000048E76080DC
:1091C00020404E40001F6500023A2001600002323C
:1091D0004E55000048E76080206D00084E400018A2
:1091E0006000021E4E55000048E7608020404E405F
:1091F00000266000020C4E55000048E7608008C160
:10920000001F600C4E55000048E76080242D0008C8
:109210004E400027650001EC2002600001E44E553D
:10922000000048E760804E40000B600001D44E55BE
:1092300000004E4000524E5D4E754E55000048E70E
:1092400060802F09206D0008226D000C4E40001B2D
:10925000225F600001AC4E55000048E760802200AC
:10926000660672CB6000019C5281C23C00FE242E37
:10927000865694816510202E8652D3AE865293AEC8
:10928000865660000082202E8EE4B08162022001AA
:10929000204A4E400028C548650001682D48865286
:1092A0002D408656D1AE801060BE4E55000048E776
:1092B000608022005281C23C00FE2401D2AE8004B4
:1092C0006512B2AE8008640C202E80042D4180040B
:1092D0002202603272CF6000012A4E55000048E73A
:1092E00060805280C03C00FE2200D0AE8014204935
:1092F0004E400007C3486500010A2D408014D3AEDC
:1093000080102008908120407400E489640630C2F7
:10931000600220C251C9FFFC5241538164F4200015
:10932000600000DE4E55FFFC2E8A4E400028651C72
:109330002D40865A200A246DFFFC4E5D4E754E5519
:10934000FFFC2E8A24414E40002964EA70FF2D4123
:10935000800C60E24E55000048E7608041FA001240
:109360002D40865E660220404E400009600000925B
:109370002001206E865E4E904E40001E4E5500002D
:1093800048E740204E40005C650E200A2D40866272
:109390004CDF04024E5D4E7570FF2D41800C60F075
:1093A0004E55000048E740E02040100108C000078B
:1093B000222F00184E400001650A200A4CDF0702E8
:1093C0004E5D4E7570FF2D41800C60F04E550000D3
:1093D00048E7608048E7186020402001222D0008FF
:1093E000242D000C08C2000F262D0010282D00147B
:1093F0004E4000256502200A4CDF0618600000027E
:10940000640C2D41800C70FF600465F670004CED1B
:109410000106FFF44E5D4E754E55000022006100BE
:10942000001E6100F64C60084E5500004AFC220008
:109430004E400006DEADDEAD003C00014E754E75BF
:109440000000066600000882000002D20000023E12
:10945000AAAA5555F0F00F0FFFFFFFFF0000000014
:109460000000000000000000000000003041463015
:1094700038302030303030353020303030303030FF
:10948000203030303030302030303030303020300C
:1094900030303030302030303030303020303030EC
:1094A00030303020303030303030203030303030DC
:1094B00030203030303030302030303030303020DC
:1094C00030303030303020303030303030203030BC
:1094D000303030302030303030303020303843447D
:1094E0004546203030303030302030383444454527
:1094F0002030384344454620303030303030203042
:10950000303030303020303030303030203030307B
:10951000303030203030303030302030303030306B
:10952000302030303030303020303030303030206B
:10953000303030303030203030303030302030304B
:10954000303030302030303030303020303835421C
:1095500041422030303030303020303844464142B3
:10956000203030303030302030303030303020302B
:10957000303030303020303030303030203030300B
:1095800030303020303030303030203030303030FB
:1095900030203030303030302030303030303020FB
:1095A00030303030303020303030303030203042C9
:1095B00046303830203030303034302030303030A9
:1095C000303020303030303030203042463038308B
:1095D00020303030303442203030303030302030A5
:1095E000303030303020303030303030203030309B
:1095F000303030203030303030302030303030308B
:10960000302030303030303020303030303030208A
:10961000303030303030203030303030302030306A
:109620003030303020303030303030203038463438
:1096300041312030303030303320303846344144EE
:10964000203030373330302036354634303020301B
:1096500030303130302030354646413520303846C4
:1096600034413120303030314530203038434445AA
:1096700046203030303030342030384634413120CC
:1096800030303030303020303846344144203030B3
:1096900033333030203030303030342030303033DD
:1096A000463820303846344245203030313131316F
:1096B000203041413032302030384634413820307B
:1096C000303030303020304141383232203041416A
:1096D0003832332030414138323420304141353244
:1096E000372030414133323720303030344641204A
:1096F000363546343030203030303130302030355F
:109700004646413520334430313030203339303112
:10971000303020303846344143203030343030301F
:109720002030414139383420303030303633203029
:1097300041413830332030384634424620303032D0
:1097400038303020303046434238203041413938BB
:1097500033203030303036452030414135303320F1
:1097600030414133323320304330303639203041BC
:109770004133303320304330303639200000000090
:1097800000000000000000000000000000000000D9
:1097900000000000000000000000000000000000C9
:1097A00000000000000000000000000000000000B9
:1097B00000000000000000000000000000000000A9
:1097C0000000000000000000000000000000000099
:1097D0000000000000000000000000000000000089
:1097E0000000000000000000000000000000000079
:1097F0000000000000000000000000000000000069
:109800000000000000000000000000000000000058
:109810000000000000000000000000000000000048
:109820000000000000000000000000000000000038
:109830000000000000000000000000000000000028
:109840000000000000000000000000000000000018
:109850000000000000000000000000000000000008
:1098600000000000000000000000000000000000F8
:1098700000000000000000000000000000000000E8
:1098800000000000000000000000000000000000D8
:1098900000000000000000000000000000000000C8
:1098A00000000000000000000000000000000000B8
:1098B00000000000000000000000000000000000A8
:1098C0000000000000000000000000000000000098
:1098D0000000000000000000000000000000000088
:1098E0000000000000000000000000000000000078
:1098F0000000000000000000000000000000000068
:109900000000000000000000000000000000000057
:109910000000000000000000000000000000000047
:109920000000000000000000000000000000000037
:109930000000000000000000000000000000000027
:109940000000000000000000000000000000000017
:109950000000000000000000000000000000000007
:1099600000000000000000000000000000000000F7
:1099700000000000000000000000000000000000E7
:1099800000000000000000000000000000000000D7
:1099900000000000000000000000000000000000C7
:1099A00000000000000000000000000000000000B7
:1099B00000000000000000000000000000000000A7
:1099C0000000000000000000000000000000000097
:1099D0000000000000000000000000000000000087
:1099E0000000000000000000000000000000000077
:1099F0000000000000000000000000000000000067
:109A00000000000000000000000000000000000056
:109A10000000000000000000000000000000000046
:109A20000000000000000000000000000000000036
:109A30000000000000000000000000000000000026
:109A40000000000000000000000000000000000016
:109A50000000000000000000000000000000000006
:109A600000000000000000000000000000000000F6
:109A700000000000000000000000000000000000E6
:109A800000000000000000000000000000000000D6
:109A900000000000000000000000000000000000C6
:109AA00000000000000000000000000000000000B6
:109AB00000000000000000000000000000000000A6
:109AC0000000000000000000000000000000000096
:109AD0000000000000000000000000000000000086
:109AE0000000000000000000000000000000000076
:109AF0000000000000000000000000000000000066
:109B00000000000000000000000000000000000055
:109B10000000000000000000000000000000000045
:109B20000000000000000000000000000000000035
:109B30000000000000000000000000000000000025
:109B40000000000000000000000000000000000015
:109B50000000000000000000000000000000000005
:109B600000000000000000000000000000000000F5
:109B700000000000000000000000000000000000E5
:109B800000000000000000000000000000000000D5
:109B900000000000000000000000000000000000C5
:109BA00000000000000000000000000000000000B5
:109BB00000000000000000000000000000000000A5
:109BC0000000000000000000000000000000000095
:109BD0000000000000000000000000000000000085
:109BE0000000000000000000000000000000000075
:109BF0000000000000000000000000000000000065
:109C00000000000000000000000000000000000054
:109C10000000000000000000000000000000000044
:109C20000000000000000000000000000000000034
:109C3000000000000000000000000000000043BA27
:109C400000000000000101010101010101011111E9
:109C500001111101010101010101010101010101D4
:109C6000010101010130202020202020202020207F
:109C70002020202020484848484848484848482054
:109C80002020202020204242424242420202020280
:109C900002020202020202020202020202020202A4
:109CA000202020202020444444444444040404044C
:109CB0000404040404040404040404040404040464
:109CC00020202020010000002000000000030E5E84
:109CD0000E5A066A0000000000000001066600003F
:109CE0000000000A704C4AFC0001000040800000A7
:109CF0000000000040740113040080000001000017
:109D00000000000000000000000000000000000053
:109D10000000000030E40000003400004032005039
:109D2000000002000AF08000003000000000000087
:109D30000000000000000000000000000BF08000A8
:109D4000062A00000000000008DEEF085E2F000079
:109D50000000000000000000000000000000000003
:109D60000000000000000000000000000BF0800078
:109D700006170AF0800006B2000000000000000094
:109D800000000000000000000000000000000000D3
:109D90000000000000000BF08000063F0BF0800088
:109DA00000380BF08000003E0AF08000029D0BF0AE
:109DB000800006770AA8220AA02008F4BF000C0041
:109DC0000500B908F4BE0000000C00370D00440681
:109DD000D10000003C0D00575058000000040D0059
:109DE0004406D1000000420D0057585800000004FE
:109DF00046F4000000800AA98000004608442B0AAF
:109E0000A98000004908482B2000D22110000AA98F
:109E10008000004E08442B0AA98000005108482BFE
:109E20002000D221110000000C0AA9800000570870
:109E3000442B0AA98000005A08482B2000D2210494
:109E4000000AA98000005F08482B2000D200000C07
:109E5000233D00232E0046F4440000080E71340E0A
:109E6000A1132000500EB0D70E209C232E002000FE
:109E7000540E20840AA9870000700AA80223EE006D
:109E800020005421DF000E2083568C003F085456DA
:109E90000C540E207F0AA5202000130AA500560CA2
:109EA000000AA8220AA9800000800858AB00000020
:109EB0000AA9870000840AA80223EE00200054218A
:109EC000DF000E2097568C003F0854560C540E208D
:109ED000930AA5202000130AA500560C000AA82208
:109EE0000AA9800000940858AB00000045D9005032
:109EF000D90020D9000C00CA21990023AE0020000F
:109F0000540E20B40AA9870000A00AA80223EE007C
:109F100020005421DF000E20B3568C003F08545619
:109F20000C540E20AF0AA5202000130AA500560CE1
:109F3000000AA8220AA9800000B00858AB0000005F
:109F40000AA9870000B40AA80223EE0020005421C9
:109F5000DF000E20C7568C003F0854560C540E20CC
:109F6000C30AA5202000130AA500560C000AA82247
:109F70000AA9800000C40858AB00000045D9005071
:109F8000E10046F40000008065F4E20002FC2105D7
:109F9000004EED0065F4E00002E2209D00210C007F
:109FA0004EED0020005600000C2000502199000AC0
:109FB000A9870000D90AA80223EE0020005421DF5F
:109FC000000E20EC568C003F0854560C540E20E82E
:109FD0000AA5202000130AA500560C000AA8220A90
:109FE000A9800000E90858AB0000000AA98700001A
:109FF000ED0AA80223EE0020005421DF000E21000C
:10A00000568C003F0854560C540E20FC0AA5202004
:10A0100000130AA500560C000AA8220AA980000015
:10A02000FD0858AB00000046F40000008065D90030
:10A0300045D90050E1002000E22105132000E22272
:10A04000AC0065F4000002E206DD0000010E209D78
:10A0500022210C004EED2320005600000C23AE0000
:10A060002000540E212A0AA9870001160AA80223FB
:10A07000EE0020005421DF000E2129568C003F08FD
:10A0800054560C540E21250AA5202000130AA500C1
:10A09000560C000AA8220AA9800001260858AB0025
:10A0A000000065F4000002B345D9004EED0065F4F0
:10A0B000E00002E2210E004EED0039085600000CCF
:10A0C00021D90023AE002000540E214C0AA987009C
:10A0D00001380AA80223EE0020005421DF000E21DF
:10A0E0004B568C003F0854560C540E21470AA520AD
:10A0F0002000130AA500560C000AA8220AA9800015
:10A1000001480858AB00000065F4000002B145E1C9
:10A11000004EED0065F4E00002E2209D22210E00D9
:10A120004EED2320005600000C64860006038000DC
:10A1300001F52292003A3E000462A60463A6044A96
:10A14000133540003D1F0006108000016A5FDA00F1
:10A150005EDB0010D310FA5D4C576D09205350EAB6
:10A160007D5C576D0065F400000400334000053F3E
:10A17000A362871305F4220003FF06208000017B01
:10A18000F0BB1B060F8000017844DBD2F0BBDA4441
:10A19000DBD3565ADB575A136287003A400065F406
:10A1A00000000600204200620700204A003A7E00BC
:10A1B0000463A2044A133A3F003B7F006C5F000037
:10A1C00008F844DA13F4AA1B06078000019144DA68
:10A1D000D2F4AAEA44DAD6F4AAEE44DAD2F4AAEA2D
:10A1E000205AD7205AEF237A325E5C3A5F5C000631
:10A1F0000F800001AA44DA13F4AA1B0607800001AD
:10A20000A244DBD2F4ABEA44DAD2F4AAEA44DBD2C9
:10A21000F4ABEA2053D32053EB205A32205A3A5E53
:10A220005C005F5C0044DB13F4AB1B06078000019D
:10A23000B044DBD2F4ABEA2052D32052EB205B32A5
:10A24000205B3A5E5C005F5C00060F800001C84442
:10A25000DA13F4AA1B0607800001C044DBD6F4AB76
:10A26000EE44DAD2F4AAEA44DBD6F4ABEE205BD3B8
:10A27000205BEB20523220523A5E5C005F5C006C47
:10A28000FF003216003A03000462A54588004689A3
:10A2900000478A006C5F000620800001DC44D20089
:10A2A00044DAA44CE4D24452C3BA0A0044D2004473
:10A2B000DAA44CE4D24452C3BA12006CFF0032114B
:10A2C000003A190046AB0044DA000604800001E5BC
:10A2D00044DAD0566A003A0300322F003C02000AEA
:10A2E000A802F092000620800001F1E192D044D251
:10A2F000C3928AD0E092C35E4C0000F3B8205400B1
:10A300000AA82200000000000C0464A606048000D5
:10A31000021F0D04CA3A03000462A50463A5648603
:10A32000000603800058020004E300021D32810091
:10A3300063F4000007400A29B70002120629000052
:10A34000020F0D02210D022A204A00205B000D029F
:10A35000210D022A204A00205B000A2AB700021DB4
:10A36000062A0000021C0D02210D02270D022A20E0
:10A370004A00205A00205B000D022A204A00205B80
:10A38000000000000D01576406000C032056E20097
:10A3900044DA030EA2260D00645C640000000C4D3C
:10A3A000DC004D540000000CC49A0045D2E02000AF
:10A3B0006020003245E33221C6002000E15E5C00EF
:10A3C00000000C63F4000007406305000464A60667
:10A3D00003800002660604800002610D04CA328018
:10A3E000000462A53A02006385000463A564860048
:10A3F0003C40000A29B700025106290000024E0D18
:10A4000002680D0290204A00F49B000D02680D02C4
:10A4100090204A00F49B000A2AB700025C062A003A
:10A4200000025B0D02680D02880D0290204A002098
:10A430004A00F49B000D0290204A00F49B006486C1
:10A44000003CC000000000204C000D0157640600D5
:10A450006585003D4000000000204D006505000CB2
:10A4600003206C5F0047E2000A5AB700027556E20B
:10A470000044DA030EA2730603800002720D00642A
:10A480005C4C006CFF0000000C44DA000D04D92085
:10A49000F500219D0046F4000080004CED0046F4DC
:10A4A000D0000080584CD0210C0047F400FF000081
:10A4B0002000765C4C412000765C64006CFF00005C
:10A4C000000C6C5F0006038000028D4DDC004D54D3
:10A4D00000204C006CFF0000000C6C5F0006038045
:10A4E00000029AC49A0045D2E02000602000324564
:10A4F000E33221C6002000E15E4C006CFF0000004A
:10A500000C08F4B000920808F4B200000008F4A5AA
:10A5100000000008F4A300018708F4BE0000000852
:10A52000F4A000000108F4AC00600008F4BF00389B
:10A530000500FCB80AA9840002AE2E40000AA983D7
:10A540000002C366F40000030865F400000305067A
:10A550007D800002BA4CDE004C5D000603800002E4
:10A56000BD4C5D0056F4002D4EFC08F4A300018F95
:10A570000AA5030AA52756140056111356120056B1
:10A5800013002E4000562B1321C40021D500560184
:10A59000000A01210A01223600000680820002D34F
:10A5A0000000005E5E000AA9870002D40AA8220803
:10A5B000F4A100000060F400000C00055FA061F44D
:10A5C00000000C00055FA105F425FFFFFF75F400F6
:10A5D000FFFFFF36010005F42600027F67F400004C
:10A5E000028005F427FFFFFF200013560C00560DD4
:10A5F00000560E00560F005610005602005600007E
:10A600005615005616005617005618003400006400
:10A61000060065F4000008006507000600840002DB
:10A62000FD565D000D03350D03530A00000A0001BD
:10A630000A00020D05CA5403000C03090D035C0A4D
:10A6400000A30003230D03700A00A400032E0A00D8
:10A65000260B03800003F854A400540C0008F4BF38
:10A6600000B8050D042C0B038100045F0B03800070
:10A6700004020A00A200032E0D04780A00A10003C0
:10A680002E0A03A10001F70C023344A4000D05DBE0
:10A690000C03060A008600032E0A048800032E65B8
:10A6A000820056F400000002205D0022A400650232
:10A6B000450E230C0500BB0C02D70464A60D04CA8A
:10A6C0000D01576406000C03313908000AA9800007
:10A6D000033644F4000000083F08000D04D945F497
:10A6E000000000FF2000662000630E23470D04D900
:10A6F00045F4000000F02000662000630EA34C61CA
:10A70000F400000C0060F400000C000C033B61F44A
:10A7100000000C0008F4A100017608F4AD00230449
:10A7200000000C0AAE87000353085E2F0AAEA1009A
:10A73000035308DEEF08F4AD00B30400000C0A0078
:10A74000000A00010A000244F4000000100D04D9C0
:10A750005403000A008600036D45F40000FFF04535
:10A76000F46600FFF02500630E236E0A0003450225
:10A770000000000C0A002300000C0462A544F40051
:10A780000000100D04D90A008600037D44840045B2
:10A79000F443000C002186660E23F6208E00200074
:10A7A0005354042320002344F423001F803219460D
:10A7B00065F42300029E0A03A100038865F40000EB
:10A7C00002A82000235FDD23FF3A00FF3A00FF3A92
:10A7D00000FF3A00FF3A00FF3A00FF3A00FF3A005C
:10A7E000575A236DE523218423218E002000402128
:10A7F000DD0006038000039B5FED00FC3A000A24A5
:10A80000B70003F60A04860003AE0A04870003BA01
:10A81000205D006DED0057A4005EDD00FA3A00FAFD
:10A820003A00FA3A00565A000A5A37565A000A00B5
:10A83000250C03D36DED0057A4005EDD00FA3A004D
:10A84000FA3A00FA3A0021C432565A00445A000A31
:10A850005A370A00050C03D36DED0044F4000000E4
:10A86000045EDD49FA3A00FA3A00FA3A0021C632AB
:10A87000565A510A04850003C72000482000480AA0
:10A8800004840003CA2000480A000546A4140E737D
:10A89000D120CF10565A000A5A370C03D3575A59B1
:10A8A000565A000A25B70003F60A04890003D94462
:10A8B0009D002000480A04880003DD449C0020001D
:10A8C0004C57240065F4000003860A04800003EF5F
:10A8D00065F4000003893D06000A04AA0003EA0AA1
:10A8E000048B0003EB204D00204D003D03000A04C3
:10A8F000810003EF204D005EDD00560A005EDD00A2
:10A900005608005EDD0056090000000C0A00240015
:10A91000000C44F4000000100D04D9540D0056A49E
:10A9200000610E44562400710F1356100000000CF5
:10A9300057F40000FFFF47F40000800544F40000D6
:10A9400000104584000D0423695F00795F00618E6B
:10A9500000718F000D05CA2185000D04235690005B
:10A960002000440EA41A5610450E740E0D05CA217F
:10A9700085004490000D042345F40000FFFF458D41
:10A980006E20006B0EA4200A002279FF0069FF00F0
:10A9900000000C06C40000042A20AE3B2501332130
:10A9A000A67B219D5323A56602A05800000C62A738
:10A9B000000462A53380000463A50464A557A400C5
:10A9C0000A29B700044306290000044044DA00566F
:10A9D000904C20004020004056104C0D04D90D042E
:10A9E0004F20006C0D04D90D044F205A6C0A2AB771
:10A9F00000044D062A0000044C44DA0056904C2016
:10AA000000405610000D04D90D044F0D044F205A7C
:10AA10006C57240000000C200033219D2365E200C8
:10AA2000000000204D0064DD0045E50047DC0047E4
:10AA30005B0047DC00475B0047DC00475B0047DC0E
:10AA400000475B0000000C3381003B04000463A559
:10AA500064F4000007800464A544F40000000206CA
:10AA6000280000047656CB0057A4030EA4720D04F0
:10AA7000D920004C5724335790002000485710002D
:10AA80000A0085000476545C00204B00545C0000F2
:10AA9000000C62F4000007000462A50A03810004B0
:10AAA000933381000463A53B040064F40000074075
:10AAB0000464A544F40000000606280000048E5635
:10AAC000CB0047E4030EA48B0D04B90A00850004F3
:10AAD0008ED87C00565C000A24970004920A00215C
:10AAE00000000C3381003B04000463A564F4000003
:10AAF00007C03C40000464A544F40000000606289A
:10AB0000000004B447C4000A64820004A20B64017C
:10AB100045C40056CB0057F4030000070220680626
:10AB200003800004AF20002B0F04B90A0085000445
:10AB3000AF205C00565400190C000A00850004B3D5
:10AB4000FB8B00204400205C000A24970004B80A14
:10AB5000002100000C6D5F000D04D9219A0056A45D
:10AB6000006DFF4456240056EA000A04880004C819
:10AB70002000030A5DB70004C702B07000000C0299
:10AB8000307020002600000C44860045F4000002CE
:10AB90008046F4000000C022CE002094440E14D35E
:10ABA0002000602E00550E94CF06C6000004D75E2C
:10ABB0005C0000000C232E0046F4440000080E75D3
:10ABC000A60EA5882000500EB54D219D000E251122
:10ABD000232E002000540E24F90AA9870004E50A58
:10ABE000A80223EE0020005421DF000E24F8568C2A
:10ABF000003F0854560C540E24F40AA520200013DC
:10AC00000AA500560C000AA8220AA9800004F5082B
:10AC100058AB0000000AA9870004F90AA80223EE35
:10AC20000020005421DF000E250C568C003F0854F4
:10AC3000560C540E25080AA5202000130AA500561C
:10AC40000C000AA8220AA9800005090858AB0000D8
:10AC50000039080045D90050D9000C053F232E00CB
:10AC60002000540E25280AA9870005140AA80223EB
:10AC7000EE0020005421DF000E2527568C003F08EF
:10AC800054560C540E25230AA5202000130AA500B3
:10AC9000560C000AA8220AA9800005240858AB0017
:10ACA00000000AA9870005280AA80223EE00200058
:10ACB0005421DF000E253B568C003F0854560C549F
:10ACC0000E25370AA5202000130AA500560C000AFD
:10ACD000A8220AA9800005380858AB00000023B953
:10ACE0000045D90050E10046F40000008065F4E220
:10ACF0000002F32105004EED1365F4E00002CA20C6
:10AD00000032209D000000004EED002000560000A3
:10AD10000C2000502199000AA98700054F0AA802BB
:10AD200023EE0020005421DF000E2562568C003FE8
:10AD30000854560C540E255E0AA5202000130AA5BF
:10AD400000560C000AA8220AA98000055F0858AB2B
:10AD50000000000AA9870005630AA80223EE00206C
:10AD6000005421DF000E2576568C003F0854560C07
:10AD7000540E25720AA5202000130AA500560C00C7
:10AD80000AA8220AA9800005730858AB00000046F3
:10AD9000F40000008045D90050D9002000E265F49D
:10ADA000320002CA21061354E10045F40000007F7E
:10ADB00045F46500000120CC000EF5872000600CF2
:10ADC0000548232E002000540E259F0AA987000560
:10ADD0008B0AA80223EE0020005421DF000E259EDE
:10ADE000568C003F0854560C540E259A0AA5202074
:10ADF00000130AA500560C000AA8220AA980000523
:10AE00009B0858AB00000065F4000002CA209D00BA
:10AE100056D9004EED0039085600000C219D002344
:10AE20002E002000540E25BE0AA9870005AA0AA8F4
:10AE30000223EE0020005421DF000E25BD568C00B9
:10AE40003F0854560C540E25B90AA5202000130AB9
:10AE5000A500560C000AA8220AA9800005BA0858C5
:10AE6000AB00000065F4000002B223B90045E10028
:10AE70004EED0065F4000002CA209D002000E04E67
:10AE8000ED0020005600000C3D000046F4000000DC
:10AE90008045D90050D90065F4E20002F321050095
:10AEA0004EED1365F4E00002CA75F43200001000A4
:10AEB00000004EED0020005600000C232E00233D24
:10AEC0000046F4000000083908440E76150EA5FC73
:10AED00020593621840023AE002000540E25FB0AA1
:10AEE000A9870005E70AA80223EE0020005421DF0D
:10AEF000000E25FA568C003F0854560C540E25F6C9
:10AF00000AA5202000130AA500560C000AA8220A50
:10AF1000A9800005F70858AB0000000C05DB23AE44
:10AF2000002000540E26130AA9870005FF0AA80274
:10AF300023EE0020005421DF000E2612568C003F25
:10AF40000854560C540E260E0AA5202000130AA5FC
:10AF500000560C000AA8220AA98000060F0858AB68
:10AF600000000020590000000C21990000000C088E
:10AF7000F4BF00380508F0B40000030AB1810006F0
:10AF80001B060A8000061F00000008F0B500000440
:10AF90000AB181000622060A800006260000000889
:10AFA000F0B40000040000040A01A100063500F31B
:10AFB000B80500BB05F43C0003300500BD0A0121C3
:10AFC0000858AB0858AB0000040A01A200063C0573
:10AFD00000BB05F43C0002D700F3B80500BD0A0130
:10AFE000010A01020000045E5F004E5F006A5F001C
:10AFF0006D5F007D5F0046F4000000080AA9800034
:10B000000666568C00200054560C540E26520AA593
:10B01000202000130AA500060280000651560C00ED
:10B020000858AB23EE0020005021DF000AA9800061
:10B030000666568C00200054560C540E26620AA553
:10B04000202000130AA500060280000661560C00AD
:10B050000858AB23EE0020005021DF0032110065BC
:10B06000F4000003050604800006700AA9800006AB
:10B070006B085D2B0000005EED00565A007DFF005E
:10B080006DFF006AFF004EFF005EFF0000000458E5
:10B090005F005C5F005A5F004E5F0046F4000000F6
:10B0A000080AA98000069D568C00200054560C54B6
:10B0B0000E26890AA5202000130AA500060280009A
:10B0C0000688560C000858AB23EE0020005021DF04
:10B0D000000AA98000069D568C00200054560C548E
:10B0E0000E26990AA5202000130AA500060280005A
:10B0F0000698560C000858AB23EE0020005021DFC4
:10B10000000AA98000069D084E2B0608A0200032E8
:10B110000AA9800006A208462B2000500608A0209D
:10B1200000320AA9800006A808462B200050562BA2
:10B13000004EFF005AFF005CFF0058FF00000004B3
:10B1400000008405F42000FFFF0461A00462A00455
:10B1500063A00464A00465A00466A00467A02000A6
:10B160001356700000FFFF2E000056700000FFFE17
:10B170000500BB56F40000030004CEB908F4A0009B
:10B18000000161F4000006D460F4000016D4060F3C
:10B19000800006CF07D9840758840AA9830006D007
:10B1A0000AF0800016D456F40000100030000006AB
:10B1B000CE000016E00AA9A30016DE00008C0AF0FB
:10B1C000800016E10AA9800016D908586B0000001B
:10B1D0000C000000590800018800000000000080F9
:10B1E000000000000000000000000000000000005F
:10B1F00000800000000000000000000000000000CF
:10B2000000000080000000000000000000000000BE
:10B2100000000000008000000000000000000000AE
:10B22000000000000000000000E000098400098028
:10B230000000000000020000080000E00009840097
:10B240000980000000000002000008000160000901
:10B250008400098000000000000000000080000061
:10B2600000000000000000000000000000000000DE
:10B2700002000009840009800000000000030000B3
:10B28000100001E0000984000980000000000003B4
:10B290000000100002E000098400098000000000A6
:10B2A000000000000080000000000000000000001E
:10B2B0000000000000000000032000098400098055
:10B2C0000000000000040000180002E000098400F3
:10B2D000098000000000000400001800046000095C
:10B2E00084000980000000000000000000800000D1
:10B2F000000000000000000000000000000000004E
:10B3000004200009840009800000000000060000FD
:10B31000080003E000098400098000000000000626
:10B320000000080005E0000984000980000000001A
:10B33000000000000080000000000000000000008D
:10B3400000000000000000000540000984000980A2
:10B350000000000000070000100004E00009840065
:10B3600009800000000000070000100007600009CD
:10B370008400098000000000000000000080000040
:10B3800000000000000000000000000000000000BD
:10B390000660000984000980000000000008000029
:10B3A000180005E000098400098000000000000882
:10B3B0000000180008E00009840009800000000077
:10B3C00000000000008000000000000000000000FD
:10B3D00000000000000000000760000984000980F0
:10B3E00000000000000A0000080006E000098400D8
:10B3F000098000000000000A000008000A6000093F
:10B4000084000980000000000000000000800000AF
:10B41000000000000000000000000000000000002C
:10B42000088000098400098000000000000B000073
:10B43000100007E000098400098000000000000BF4
:10B44000000010000BE000098400098000000000EB
:10B45000000000000080000000000000000000006C
:10B46000000000000000000009A00009840009801D
:10B4700000000000000C0000180008E00009840033
:10B48000098000000000000C000018000D60000999
:10B49000840009800000000000000000008000001F
:10B4A000000000000000000000000000000000009C
:10B4B0000AC000098400098000000000000E00009E
:10B4C000080009E000098400098000000000000E67
:10B4D000000008000EE00009840009800000000060
:10B4E00000000000008000000000000000000000DC
:10B4F00000000000000000000BC00009840009806B
:10B5000000000000000F000010000AE000098400A5
:10B51000098000000000000F00001000106000090A
:10B52000840009800000000000000000008000008E
:10B53000000000000000000000000000000000000B
:10B540000CE00009840009800000000000100000E9
:10B5500018000BE0000984000980000000000010C2
:10B560000000180011E000098400098000000000BC
:10B57000000000000080000000000000000000004B
:10B5800000000000000000000E0000098400098097
:10B59000000000000012000008000CE00009840018
:10B5A000098000000000001200000800136000097C
:10B5B00084000980000000000000000000800000FE
:10B5C000000000000000000000000000000000007B
:10B5D0000F00000984000980000000000013000033
:10B5E00010000DE000098400098000000000001335
:10B5F0000000100014E00009840009800000000031
:10B6000000000000008000000000000000000000BA
:10B6100000000000000000800000000000000000AA
:10B62000000000000000000000800000000000009A
:10B63000000000000000000000000080000000008A
:10B64000000000000000000000000000008000007A
:10B6500000000000000000000000000700001000D3
:10B660000E6000002000000F000010000E600000BF
:10B670002000580E60005E000004000EA0000004D0
:10B68000000EA0000004000EA0000004000EA000A8
:10B690000004000EA0000004000EA0000004000E34
:10B6A000A0000004000EA0000004000EA000000492
:10B6B000000EA0000004000EA0000004000EA00078
:10B6C0000004000EA0000004000EA0000004000E04
:10B6D000A0000004000EA0000004000EA000000462
:10B6E000000EA0000004000EA0000004000EA00048
:10B6F0000004000EA0000004000EA0000004000ED4
:10B70000A0000004000EA0000004000EA000000431
:10B71000000EA0000004000EA0000004000EA00017
:10B720000004000EA0000004000EA0000004000EA3
:10B73000A0000004000EA0000F8A000000000F8E81
:10B74000000018000F9A000024000FA20000300033
:10B750000FA600003C000FAA000048000FAE00003A
:10B7600054000FB2000060000FB600006C000FBA6A
:10B77000000078000FBE000084000FC2000090009F
:10B780000FC600009C000FCA0000A8000FCE0000EA
:10B79000B40059098801A8000000000000800000E2
:10B7A0000000000000000000000000000000008019
:10B7B0000000000000000000000000000000000089
:10B7C00000800000000000000000000000000000F9
:10B7D00000000080000000000000000000000000E9
:10B7E0000000000000000320000B2C000B140000E0
:10B7F000000000020000080002E0000B2C000B1407
:10B80000000000000002000008000460000B2C0093
:10B810000B1000000000000000000080000000008D
:10B82000000000000000000000000000000004C054
:10B83000000B2C000B140000000000020000180098
:10B840000460000B2C000B1400000000000200003C
:10B85000180006A0000B2C000B10000000000000D8
:10B860000000008000000000000000000000000058
:10B870000000000000000590000B2C000B080000E9
:10B8800000000003000008000520000B2C000B083E
:10B890000000000000030000080007C0000B2C009F
:10B8A0000B08000000000000000000800000000005
:10B8B0000000000000000000000000000000066022
:10B8C000000B28000B08000000000003000010001F
:10B8D00005E0000B28000B0800000000000300003A
:10B8E000100008E0000B24000B080000000000001E
:10B8F00000000080000000000000000000000000C8
:10B900000000000000000808000B2C000B080000DD
:10B9100000000004000008000760000B2C000B086A
:10B92000000000000004000008000B20000B2C00A9
:10B930000B08000000000000000000800000000074
:10B94000000000000000000000000000000009A846
:10B95000000B28000B0C0000000000040000180081
:10B9600008E0000B28000B080000000000040000A5
:10B9700018000D60000B24000B0C000000000000FC
:10B980000000008000000000000000000000000037
:10B990000000000000000B48000B1C000B0C000016
:10B9A00000000005000010000A60000B1C000B08DE
:10B9B000000000000005000010000FA0000B1C009C
:10B9C0000B0C0000000000000000008000000000E0
:10B9D00000000000000000000000000000000CE873
:10B9E000000B1C000B0C000000000006000008000B
:10B9F0000BE0000B1C000B0800000000000600001C
:10BA0000080011E0000B1C000B0C000000000000FF
:10BA100000000080000000000000000000000000A6
:10BA20000000000000001030000B1C000B0C000098
:10BA300000000007000010000EE0000B1C000B08C7
:10BA4000000000000007000010001660000B1C0042
:10BA50000B0C00000000000000000080000000004F
:10BA60000000000000000000000000000000137053
:10BA7000000B20000B0C0000000000080000180064
:10BA800011E0000B1C000B08000000000008000083
:10BA900018001AE0000B20000B0C00000000000052
:10BAA0000000008000000000000000000000000016
:10BAB00000000000000016B8000B20000B1800006A
:10BAC0000000000A0000080014E0000B1C000B1826
:10BAD00000000000000A000008001F60000B2000AA
:10BAE0000B180000000000000000008000000000B3
:10BAF000000000000000000000000000000019F835
:10BB0000000B20000B1800000000000B00001000CC
:10BB100017E0000B1C000B1800000000000B0000D9
:10BB2000100023E0000B20000B18000000000000B4
:10BB30000000008000000000000000000000000085
:10BB40000000000000002080000B20000B18000007
:10BB50000000000E000008001DE0000B1C000B1888
:10BB600000000000000E000008002CE0000B200088
:10BB70000B18000000000000000000800000000022
:10BB80000000000000000000000000000000270886
:10BB9000000B20000B18000000000010000018002F
:10BBA00023E0000B1C000B18000000000010000038
:10BBB000180035E0000B20000B180000000000000A
:10BBC00000000080000000000000000000000000F5
:10BBD00000000000008000000000000000000000E5
:10BBE00000000000000000800000000000000000D5
:10BBF00000000000000000000080000000000000C5
:10BC000000000000000000000000008000000000B4
:10BC10000000000000000000000800000E000EBE42
:10BC200000001B00000900000A000EBE00001E00FC
:10BC3000000300000E000EFA00000C0000020000DD
:10BC40000A000EFA0000088000000000000000005A
:10BC500000000000001100000C000EBE00001B00E0
:10BC60000013000004000EBE00001E0000070000CC
:10BC70000C000EFA00000C000005000004000EFA93
:10BC8000000008800000000000000000000000002C
:10BC9000580EBE0118000004000F12000004000F2F
:10BCA00012000004000F12000004000F3200000414
:10BCB000000F32000004000F32000004000F3200B9
:10BCC0000004000F32000004000F32000004000FD7
:10BCD00032000004000F32000003000F5200000386
:10BCE000000F52000003000F52000003000F52002B
:10BCF0000003000F52000003000F52000003000F6A
:10BD000052000003000F52000003000F5200000316
:10BD1000000F52000003000F52000003000F5200FA
:10BD20000002000F62000002000F62000002000F1C
:10BD300062000002000F62000002000F62000002B9
:10BD4000000F62000002000F62000004000F6A0092
:10BD50000004000F6A000003000F6A000003000FD8
:10BD60006A000003000F6A000003000F6A0000036E
:10BD7000000F6A000003000F6A000003000F6A0052
:10BD80000003000F6A000003000F6A000003000FA9
:10BD90006A000F8A000000000F9200003C000F9A1A
:10BDA00000006C000FA2000090000FA60000B4007D
:10BDB0000FAA0000D8000FAE0000FC000FB2000177
:10BDC00020000FB6000144000FBA000168000FBE4A
:10BDD00000018C000FC20001B0000FC60001D400AA
:10BDE0000FCA0001F8000FCE00021C000FD20002A3
:10BDF00040000F8A000000000F9200003C000F96E8
:10BE0000000054000F9A00006C000F9E00007800A4
:10BE10000FA2000090000FA60000B4000FAA0000BF
:10BE2000D8000FAE0000FC000FB2000120000FB6DA
:10BE3000000144000FBA000168000FBE00018C0031
:10BE40000FC20001B0000FC60001D4000FD20002E3
:10BE500040000F8A000000000F9200003C000F9687
:10BE6000000054000F9A00006C000F9E0000780044
:10BE70000FA2000090000FA60000B4000FD2000235
:10BE800040000F8A000000000F9200003C000F9657
:10BE9000000054000FD2000240000F8A0000000092
:10BEA0000F9200003C000F96000054000F9E00000F
:10BEB00078000FA2000090000FA60000B4000FAAA7
:10BEC0000000D8000FAE0000FC000FB200012000FF
:10BED0000FB6000144000FBA000168000FBE000158
:10BEE0008C000FC20001B0000FC60001D4000FCAC1
:10BEF0000001F8000FCE00021C000001000000004D
:10BF00000000000000000003000002555555EAAA99
:10BF1000AB800B40000005555555EAAAAB800B607D
:10BF2000000007666666E6666600000700000349D3
:10BF30002492E49249800BE000000A71C71CE38E52
:10BF40003900000F000004444444E2222200001F94
:10BF5000000005421084E1084200003F0000064155
:10BF60000410E0820800007F000007408102E040EA
:10BF7000810000FF000008404040E020200001FF59
:10BF8000000009402010E010080003FF00000A40F4
:10BF90001004E008020007FF00000B400801E00465
:10BFA00001000FFF00000C400400E00200001FFF32
:10BFB00000000D400200E00100003FFF00000E40C5
:10BFC0000100E00080007FFF00000F400080E000E3
:10BFD0004000FFFF000010400040E0002000590436
:10BFE0000003F85A827AA57D86A57D865A827A5A00
:10BFF000827AA57D86A57D865A827A5A827AA57D27
:10C0000086A57D865A827A5A827AA57D86A57D8606
:10C010005A827A55F5A599307FBE31E273B5EC2B83
:10C020001F3583D604ED37F07FD888F9B8278162B1
:10C03000AA1F19F9788484C945E09235F34C3FE092
:10C040005ED77D5133CD8F1D34DAD7F47F6237F35D
:10C05000742D8582FB3C56BA62F2029D0DFEC3A987
:10C06000467A7D050C8BD3809DC925280C70E2CCC7
:10C07000AECC334C3FE0877B7CF9B8277C29FCBEF3
:10C0800031E2AA0A5B73B5EC12C8108162AA36BA13
:10C09000205ED77D9235F3E0E6077FD888D4E0CBE9
:10C0A00099307F471CED8275A118F8B86A6D999593
:10C0B0009267E707487D8A5FB8E313B8E3137D8A88
:10C0C0005FE707489592676A6D9918F8B88275A17D
:10C0D000471CED41CE1E80277836BA204C3FE081C8
:10C0E00062AA2B1F3555F5A583D6041F19F95ED713
:10C0F0007D877B7C12C81066CF818C4A140647D995
:10C100006DCA0D3C56BA809DC95133CD25280C858A
:10C1100082FB62F2020C8BD38F1D3470E2CCF3747D
:10C120002D9D0DFE7A7D05DAD7F4AECC337F6237D4
:10C13000C3A94636BA2083D60466CF81F9B827A1B1
:10C1400028837E9D56BE31E2D4E0CB78848492353C
:10C15000F312C81055F5A58027784C3FE01F19F958
:10C160008C4A1430FBC589BE517641AFCF043BCF1A
:10C17000043B7641AF89BE5130FBC530FBC589BE5B
:10C18000517641AFCF043BCF043B7641AF89BE51DE
:10C1900030FBC52B1F359235F37E9D56AA0A5B06F0
:10C1A00047D94C3FE083D60473B5ECC945E0E0E6DF
:10C1B0000766CF818027785ED77DED37F0BE31E20C
:10C1C00078848425280C9D0DFE7F62378F1D343CBA
:10C1D00056BA0C8BD3AECC337A7D058582FB5133B6
:10C1E000CDF3742DC3A94670E2CC809DC962F202E2
:10C1F000DAD7F41F19F9AA0A5B7884848162AA66E7
:10C20000CF81C945E0F9B82741CE1E9235F37FD8DA
:10C21000888C4A144C3FE0ED37F0D4E0CB5ED77DFC
:10C2200083D60418F8B8B8E3136A6D998275A17DB6
:10C230008A5F959267471CEDE70748E70748471C68
:10C24000ED9592677D8A5F8275A16A6D99B8E31357
:10C2500018F8B812C810C945E055F5A59235F37C19
:10C2600029FC80277878848499307F4C3FE0D4E0A3
:10C27000CB0647D91F19F9BE31E25ED77D8C4A142F
:10C280007E9D560C8BD3DAD7F43C56BAAECC3362D3
:10C29000F2028F1D347A7D05809DC97F62378582C9
:10C2A000FB70E2CC9D0DFE5133CDC3A94625280C71
:10C2B000F3742D0647D9ED37F01F19F9D4E0CB36CA
:10C2C000BA20BE31E24C3FE0AA0A5B5ED77D9930CE
:10C2D0007F6DCA0D8C4A1478848483D6047E9D5663
:10C2E00080277880000080000080000080000080AF
:10C2F00000008000008000008000008000008000BE
:10C3000000800000800000800000800000800000AD
:10C310008000008027788162AA83D604877B7C8C8A
:10C320004A149235F399307FA12883AA0A5BB3C0DF
:10C3300020BE31E2C945E0D4E0CBE0E607ED37F0BE
:10C34000F9B827809DC98582FB8F1D349D0DFEAEF7
:10C35000CC33C3A946DAD7F4F3742D0C8BD325283C
:10C360000C3C56BA5133CD62F20270E2CC7A7D05B4
:10C370007F62378162AA8C4A14A12883BE31E2E031
:10C38000E6070647D92B1F354C3FE066CF817884FE
:10C39000847FD8887C29FC6DCA0D55F5A536BA2056
:10C3A00012C8108275A1959267B8E313E707481881
:10C3B000F8B8471CED6A6D997D8A5F7D8A5F6A6D6A
:10C3C00099471CED18F8B8E70748B8E3139592674A
:10C3D0008275A183D604A12883D4E0CB12C8104C67
:10C3E0003FE073B5EC7FD8886DCA0D41CE1E06477D
:10C3F000D9C945E099307F8162AA877B7CAA0A5B14
:10C40000E0E6078582FBAECC33F3742D3C56BA7060
:10C41000E2CC7F623762F20225280CDAD7F49D0D58
:10C42000FE809DC98F1D34C3A9460C8BD35133CDDB
:10C430007A7D05877B7CBE31E212C8105ED77D7F96
:10C44000D88866CF811F19F9C945E08C4A1483D674
:10C4500004B3C0200647D955F5A57E9D566DCA0D7B
:10C460002B1F3589BE51CF043B30FBC57641AF76DB
:10C4700041AF30FBC5CF043B89BE5189BE51CF04CB
:10C480003B30FBC57641AF7641AF30FBC5CF043BB7
:10C4900089BE518C4A14E0E6074C3FE07FD88855AE
:10C4A000F5A5ED37F09235F3877B7CD4E0CB41CE18
:10C4B0001E7E9D565ED77DF9B82799307F83D604BE
:10C4C000C945E08F1D34F3742D62F2027A7D052593
:10C4D000280CAECC33809DC9C3A9463C56BA7F62B6
:10C4E000375133CDDAD7F48582FB9D0DFE0C8BD30B
:10C4F00070E2CC9235F30647D973B5EC66CF81ED87
:10C5000037F0877B7CA128831F19F97C29FC55F51E
:10C51000A5D4E0CB8162AAB3C02036BA207FD888E8
:10C5200041CE1E95926718F8B87D8A5F471CEDB81A
:10C53000E3138275A1E707486A6D996A6D99E70769
:10C54000488275A1B8E313471CED7D8A5F18F8B8DF
:10C5500095926799307F2B1F357FD8881F19F992E4
:10C5600035F3A1288336BA207E9D5612C8108C4A16
:10C5700014AA0A5B41CE1E7C29FC0647D9877B7C26
:10C58000B3C0209D0DFE3C56BA7A7D05F3742D8014
:10C590009DC9DAD7F470E2CC5133CDAECC338F1DC8
:10C5A0003425280C7F62370C8BD38582FBC3A946C8
:10C5B00062F202A128834C3FE06DCA0DC945E087B5
:10C5C0007B7C1F19F97E9D56F9B827802778ED37B7
:10C5D000F07C29FC2B1F358C4A14BE31E266CF81DA
:10C5E00055F5A5000000FFF8C0003540FF8D400163
:10C5F000FD40FAF7C0066B80DB63C0494780249C8E
:10C6000040066B8005084001FD400072C0003540C7
:10C61000000740FFFFC0FFF840003680FF7E40016A
:10C62000F400FA9CC005D1C0D99600493C0022CE46
:10C630000006F78004AD000203C00064400034002F
:10C64000000680FFFFC0FFF740003780FF6EC0018B
:10C65000E800FA4240052A00D7CA00491A0020FF24
:10C66000C00776000452400208000056C000328025
:10C67000000600FFFFC0FFF680003840FF5EC001EB
:10C68000D940F9E8C0047440D6008048E1801F32E8
:10C69000C007E70003F7C00209C00049800031006D
:10C6A000000540FFFFC0FFF5C00038C0FF4E40014D
:10C6B000C780F990C003B000D43AC04892401D68CA
:10C6C00000084B00039E40020940003D00002F80FF
:10C6D0000004C0FFFFC0FFF4C0003900FF3D40016F
:10C6E000B2C0F93A4002DDC0D279C0482D001BA08B
:10C6F0004008A2000345C00206C0003140002DC022
:10C70000000440FFFFC0FFF3C0003900FF2C000110
:10C710009B00F8E64001FD40D0BE8047B1C019DC67
:10C720008008ECC002EF00020240002640002C000E
:10C73000000400FFFF80FFF2C00038C0FF1A400174
:10C740007FC0F894C0010E80CF09C04720C0181DDB
:10C7500080092B400299C001FC00001BC0002A4048
:10C76000000380FFFF80FFF180003800FF084001D8
:10C770006180F84680001180CD5CC0467A40166426
:10C7800040095E0002468001F4400012000028408B
:10C79000000340FFFF80FFF040003740FEF600013D
:10C7A0004000F7FBC0FF0680CBB88045BF0014B146
:10C7B0004009858001F58001EA800009000026809B
:10C7C0000002C0FFFF80FFEF000035C0FEE3C001A4
:10C7D0001AC0F7B540FDED80CA1D8044EF801305F7
:10C7E0008009A1C001A70001DFC00000800024C0B3
:10C7F000000280FFFF40FFEDC0003400FED180004A
:10C80000F280F77340FCC700C88D80440BC01161F3
:10C81000C009B3C0015B0001D380FFF8C00022C093
:10C82000000240FFFF40FFEC40003200FEBF40002E
:10C83000C680F73680FB92C0C708C04315000FC6FC
:10C84000C009BB800111C001C640FFF1C00021003A
:10C85000000200FFFF00FFEAC0002F40FEAD000015
:10C860009740F6FF40FA5180C59080420B400E354C
:10C870000009B9C000CB8001B7C0FFEB40001F40EA
:10C880000001C0FFFF00FFE940002C40FE9B0000BC
:10C890006480F6CE00F90380C425C040EF800CAD63
:10C8A0000009AF0000884001A880FFE580001D401E
:10C8B0000001C0FFFEC0FFE7C00028C0FE89800065
:10C8C0002E40F6A3C0F7A900C2C9003FC2800B2FBB
:10C8D000C0099B80004800019880FFE040001BC019
:10C8E000000180FFE600FE7840F68040C17B4009F1
:10C8F000BDC0000B40FFDB80000140FFFE80FFE475
:10C9000040001FC0FE6780FFB800F66480F4D0408E
:10C91000C03D803D3700085700095C40FFD1C00191
:10C920007680FFD740001840000140FFFE40FFE244
:10C93000C0001A80FE5780FF77C0F65100F3530005
:10C94000BF10803BDA4006FC80093200FF9B80016B
:10C950006500FFD3C00016C0000100FFFE40FFE0ED
:10C96000C00014C0FE4840FF3480F64640F1CB00C2
:10C97000BDF4C03A6F8005AE800900C0FF68C001F9
:10C980005300FFD0C0001540000100FFFE00FFDF94
:10C9900000000E40FE39C0FEEE40F64480F0394003
:10C9A000BCEB0038F740046D4008C980FF398001B6
:10C9B00040C0FFCE000013C00000C0FFFDC0FFDD7F
:10C9C00040000740FE2C80FEA500F64C40EE9E4045
:10C9D000BBF440377280033900088CC0FF0D800122
:10C9E0002E80FFCC000012400000C0FFFD80FFDB66
:10C9F00040FFFF80FE2040FE5900F65E40ECFA80CA
:10CA0000BB108035E280021280084AC0FEE540017A
:10CA10001C40FFCA40001100000080FFFD40FFD90C
:10CA200080FFF700FE1580FE0A80F67A80EB4EC08C
:10CA3000BA410034478000F980080440FEC000017C
:10CA40000A00FFC8C0000FC0000080FFFCC0FFD775
:10CA5000C0FFEE00FE0BC0FDB980F6A200E99BC04E
:10CA6000B985C032A340FFEE8007B980FE9E8000EA
:10CA7000F7C0FFC800000E80000080FFFC80FFD5DB
:10CA8000C0FFE440FE0400FD6640F6D4C0E7E2804B
:10CA9000B8DF4030F640FEF180076B40FE8040007A
:10CAA000E5C0FFC740000D40000080FFFC00FFD440
:10CAB00000FFD9C0FDFDC0FD1100F71340E6238043
:10CAC000B84E402F4180FE02C00719C0FE6500002D
:10CAD000D400FFC700000C40000040FFFBC0FFD2A5
:10CAE00040FFCEC0FDF940FCBA40F75E00E45FC0F5
:10CAF000B7D3002D8640FD224006C5C0FE4D400044
:10CB0000C2C0FFC700000B40000040FFFB40FFD049
:10CB100080FFC300FDF6C0FC61C0F7B500E29800DD
:10CB2000B76DC02BC540FC5000066F40FE3880003A
:10CB3000B1C0FFC740000A40000040FFFAC0FFCF6D
:10CB400000FFB680FDF640FC0840F81900E0CD403B
:10CB5000B71E8029FF80FB8BC0061740FE26C00051
:10CB6000A140FFC7C0000980000040FFFA00FFCDD0
:10CB700080FFA940FDF800FBADC0F88A00DF00404F
:10CB8000B6E600283600FAD60005BDC0FE18000043
:10CB90009140FFC8800008C0000040FFF980FFCC32
:10CBA00000FF9BC0FDFC40FB5300F90880DD320014
:10CBB000B6C400266A00FA2E40056340FE0C000051
:10CBC00081C0FFC9800007C0000040005807000076
:10CBD000407FFFFF6597FB50A28C400000CD3403DF
:10CBE000D7AEBAE00000E69A01EBD75DF00000F3A3
:10CBF0004D01F5EBAF080000065980050A29040035
:10CC000000FCD340FD7AECFE0000FE69A001428AE0
:10CC100001000000CB3000A14500800000659800B5
:10CC200050A3004000FFCD34FFD7AFFFE000FFE688
:10CC30009AFFEBD7FFF000FFF34DFFF5EC00080083
:10CC400000065900050A00040000032D00028500BB
:10CC50000200000196FFFEBDFFFF00FFFF35FFFF52
:10CC60005F000080000066000051000040FFFFCD23
:10CC7000FFFFD8FFFFE0FFFFE7FFFFECFFFFF0FF44
:10CC8000FFF3FFFFF60000080000060000050000AB
:10CC90000000590B4004A0000000000020000040EC
:10CCA0000020000020200020400040000040200024
:10CCB00040402000002000202000402020002020B4
:10CCC0002020204020400020402020404040000004
:10CCD00040002040004040200040202040204040B4
:10CCE0004000404020404040600000600020600064
:10CCF00040602000602020000000000010000020A4
:10CD00000000300000400010000010100010200053
:10CD100010300010400020000020100020200020D3
:10CD20003000204000300000301000302000303053
:10CD30000030400040000040100040200040300023
:10CD400040401000001000101000201000301000B3
:10CD50004010100010101010102010103010104053
:10CD60001020001020101020201020301020401023
:10CD70003000103010103020103030103040104093
:10CD800000104010104020104030104040200000A3
:10CD90002000102000202000302000402010002023
:10CDA00010102010202010302010402020002020C3
:10CDB0001020202020203020204020300020301063
:10CDC00020302020303020304020400020401020F3
:10CDD0004020204030204040300000300010300023
:10CDE0002030003030004030100030101030102063
:10CDF00030103030104030200030201030202030F3
:10CE00002030302040303000303010303020303092
:10CE10003030304030400030401030402030403022
:10CE200030404040000040001040002040003040B2
:10CE300000404010004010104010204010304010C2
:10CE40004040200040201040202040203040204022
:10CE500040300040301040302040303040304040C2
:10CE60004000404010404020404030404040500092
:10CE700000500010500020000000000008000010CA
:10CE800000001800002000002800003000003800DA
:10CE900000400008000008080008100008180008FA
:10CEA0002000082800083000083800084000100062
:10CEB00000100800101000101800102000102800AA
:10CEC000103000103800104000180000180800183A
:10CED0001000181800182000182800183000183802
:10CEE000001840002000002008002010002018003A
:10CEF000202000202800203000203800204000287A
:10CF000000002808002810002818002820002828E1
:10CF10000028300028380028400030000030080089
:10CF20003010003018003020003028003030003041
:10CF30003800304000380000380800381000381839
:10CF400000382000382800383000383800384000D9
:10CF50004000004008004010004018004020004001
:10CF60002800403000403800404008000008000819
:10CF700008001008001808002008002808003008E1
:10CF800000380800400808000808080808100808C9
:10CF90001808082008082808083008083808084039
:10CFA00008100008100808101008101808102008B1
:10CFB0001028081030081038081040081800081809
:10CFC0000808181008181808182008182808183019
:10CFD0000818380818400820000820080820100801
:10CFE0002018082020082028082030082038082091
:10CFF00040082800082808082810082818082820B1
:10D000000828280828300828380828400830000850
:10D010003008083010083018083020083028083050
:10D020003008303808304008380008380808381010
:10D0300008381808382008382808383008383808E0
:10D0400038400840000840080840100840180840D0
:10D0500020084028084030084038084040100000B0
:10D0600010000810001010001810002010002810E8
:10D070000030100038100040100800100808100898
:10D080001010081810082010082810083010083850
:10D090001008401010001010081010101010181078
:10D0A00010201010281010301010381010401018D8
:10D0B0000010180810181010181810182010182830
:10D0C00010183010183810184010200010200810C8
:10D0D00020101020181020201020281020301020A0
:10D0E0003810204010280010280810281010281888
:10D0F0001028201028281028301028381028401018
:10D10000300010300810301010301810302010305F
:10D1100028103030103038103040103800103808E7
:10D1200010381010381810382010382810383010E7
:10D13000383810384010400010400810401010409F
:10D140001810402010402810403010403810404047
:10D1500018000018000818001018001818002018EF
:10D160000028180030180038180040180800180867
:10D170000818081018081818082018082818083067
:10D18000180838180840181000181008181010183F
:10D1900010181810201810281810301810381810EF
:10D1A00040181800181808181810181818181820FF
:10D1B000181828181830181838181840182000188F
:10D1C00020081820101820181820201820281820AF
:10D1D000301820381820401828001828081828105F
:10D1E000182818182820182828182830182838181F
:10D1F000284018300018300818301018301818302F
:10D2000020183028183030183038183040183800BE
:10D2100018380818381018381818382018382818EE
:10D22000383018383818384018400018400818406E
:10D23000101840181840201840281840301840385E
:10D240001840402000002000082000102000182076
:10D250000020200028200030200038200040200836
:10D26000002008082008102008182008202008287E
:10D270002008302008382008402010002010082006
:10D2800010102010182010202010282010302010FE
:10D2900038201040201800201808201810201818D6
:10D2A0002018202018282018302018382018402056
:10D2B00020002020082020102020182020202020BE
:10D2C0002820203020203820204020280020280836
:10D2D0002028102028182028202028282028302026
:10D2E00028382028402030002030082030102030FE
:10D2F0001820302020302820303020303820304096
:10D3000020380020380820381020381820382020F5
:10D31000382820383020383820384020400020403D
:10D320000820401020401820402020402820403075
:10D3300020403820404028000028000828001028FD
:10D34000001828002028002828003028003828004D
:10D35000402808002808082808102808182808204D
:10D3600028082828083028083828084028100028CD
:10D37000100828101028101828102028102828100D
:10D3800030281038281040281800281808281810AD
:10D39000281818281820281828281830281838285D
:10D3A000184028200028200828201028201828208D
:10D3B000202820282820302820382820402828000D
:10D3C000282808282810282818282820282828282D
:10D3D00028302828382828402830002830082830CD
:10D3E00010283018283020283028283030283038AD
:10D3F00028304028380028380828381028381828BD
:10D40000382028382828383028383828384028400C
:10D41000002840082840102840182840202840288C
:10D420002840302840382840403000003000083084
:10D43000001030001830002030002830003030005C
:10D440003830004030080030080830081030081824
:10D450003008203008283008303008383008403094
:10D46000100030100830101030101830102030101C
:10D470002830103030103830104030180030180884
:10D480003018103018183018203018283018303064
:10D49000183830184030200030200830201030205C
:10D4A00018302020302028302030302038302040E4
:10D4B0003028003028083028103028183028203034
:10D4C000282830283030283830284030300030309C
:10D4D00008303010303018303020303028303030C4
:10D4E0003030383030403038003038083038103084
:10D4F0003818303820303828303830303838303824
:10D50000403040003040083040103040183040205B
:10D51000304028304030304038304040380000380B
:10D52000000838001038001838002038002838006B
:10D5300030380038380040380800380808380810FB
:10D54000380818380820380828380830380838389B
:10D5500008403810003810083810103810183810EB
:10D56000203810283810303810383810403818005B
:10D57000381808381810381818381820381828386B
:10D58000183038183838184038200038200838202B
:10D5900010382018382020382028382030382038FB
:10D5A00038204038280038280838281038281838FB
:10D5B000282038282838283038283838284038306B
:10D5C00000383008383010383018383020383028DB
:10D5D000383030383038383040383800383808384B
:10D5E0003810383818383820383828383830383833
:10D5F0003838384038400038400838401038401833
:10D600003840203840283840303840383840404092
:10D61000000040000840001040001840002040007A
:10D6200028400030400038400040400800400808D2
:10D6300040081040081840082040082840083040A2
:10D6400008384008404010004010084010104010BA
:10D650001840102040102840103040103840104032
:10D660004018004018084018104018184018204072
:10D6700018284018304018384018404020004020FA
:10D680000840201040201840202040202840203012
:10D6900040203840204040280040280840281040C2
:10D6A0002818402820402828402830402838402882
:10D6B00040403000403008403010403018403020AA
:10D6C0004030284030304030384030404038004012
:10D6D0003808403810403818403820403828403842
:10D6E000304038384038404040004040084040100A
:10D6F00040401840402040402840403040403840A2
:10D700004040480000480008480010480018480001
:10D7100020480028480030480038480040480800A9
:10D7200048080848081048081848082048082848A9
:10D730000830480838480840481000481008481089
:10D740001048101848102048102848103048103849
:10D750004810404818004818084818104818184839
:10D7600018204818284818304818384818404820C9
:10D770000048200848201048201848202048202829
:10D780004820304820384820404828004828084889
:10D790002810482818482820482828482830482891
:10D7A0003848284048300048300848301048301881
:10D7B00048302048302848303048303848304048D9
:10D7C0003800483808483810483818483820483851
:10D7D00028483830483838483840484000484008E1
:10D7E00048401048401848402048402848403048A9
:10D7F0004038484040500000500008500010500091
:10D800001850002050002850003050003850004080
:10D8100050080050080850081050081850082050B0
:10D820000828500830500838500840501000501058
:10D830000850101050101850102050102850103060
:10D840005010385010405018005018085018105000
:10D8500018185018205018285018305018385018E0
:10D8600040502000502008502010502018502020F8
:10D870005020285020305020385020405028005050
:10D8800028085028105028185028205028285028A0
:10D890003050283850284050300050300850301058
:10D8A00050301850302050302850303050303850E0
:10D8B0003040503800503808503810503818503820
:10D8C00020503828503830503838503840504000B8
:10D8D00050400850401050401850402050402850B0
:10D8E0004030504038504040580000580008580020
:10D8F0001058001858002058002858003058003898
:10D900005800405808005808085808105808185877
:10D910000820580828580830580838580840581027
:10D920000058100858101058101858102058102877
:10D9300058103058103858104058180058180858C7
:10D9400018105818185818205818285818305818EF
:10D9500038581840582000582008582010582018CF
:10D960005820205820285820305820385820405817
:10D9700028005828085828105828185828205828AF
:10D98000285828305828385828405830005830082F
:10D9900058301058301858302058302858303058E7
:10D9A00030385830405838005838085838105838EF
:10D9B000185838205838285838305838385838408F
:10D9C00058400058400858401058401858402058B7
:10D9D00040285840305840385840406000006000AF
:10D9E00008600010600018600020600028600030AF
:10D9F000600038600040600800600808600810603F
:10DA0000081860082060082860083060083860083E
:10DA10004060100060100860101060101860102046
:10DA2000601028601030601038601040601800608E
:10DA300018086018106018186018206018286018FE
:10DA400030601838601840602000602008602010A6
:10DA5000602018602020602028602030602038601E
:10DA6000204060280060280860281060281860287E
:10DA7000206028286028300059029E00F10000171D
:10DA8000000004000010000155000020000001000B
:10DA9000000C000001000040000800000019000018
:10DAA000090000120001CF0000080000030000047C
:10DAB0000000030000C000098800000040000020B2
:10DAC0000000100000080000040000020000010037
:10DAD000000080000040000020000010000008004E
:10DAE000000400000200000100000080000040006F
:10DAF00000200000100000080000040000020000E8
:10DB00000100000000000100000300000700000FFA
:10DB100000001F00003F00007F0000FF0001FF0029
:10DB200003FF0007FF000FFF001FFF003FFF007F04
:10DB3000FF00FFFF01FFFF03FFFF07FFFF0FFFFFD6
:10DB40001FFFFF3FFFFF7FFFFF000000400000605E
:10DB500000007000007800007C00007E00007F0064
:10DB6000007F80007FC0007FE0007FF0007FF80032
:10DB70007FFC007FFE007FFF007FFF8040000020D1
:10DB80000000100000080000040000020000010076
:10DB90000000800000400000400000200000100055
:10DBA00000080000040000020000010000008000E6
:10DBB0000040400000390A4132D6462D4EFC286113
:10DBC0009B23FD662013741C9677197A9616B5432D
:10DBD000143D131209A310137A0E53EC0CC50A0B53
:10DBE00061880A24B0090A4D080EA0072E51066666
:10DBF0006605B43A05156D0487E60409C303995711
:10DC000003352502DBD9028C4202455402061C0171
:10DC1000CDC4019B8C016ECB0146E701235A010361
:10DC2000AB00E76E00CE4300B7D500A3D700920645
:10DC30000082250073FD006760005C2200521D0019
:10DC4000492F00413A003A220033D0002E2D0029FE
:10DC5000280024AE0020B1001D230019F80017256C
:10DC60000014A0001262001062000E9A000D040061
:10DC70000B99000A560009370008360007520006C3
:10DC8000860005D000052E00049E00041E0003AB94
:10DC90000003450002EA0002990002500002100051
:10DCA00001D70001A300017600014D000129000108
:10DCB000090000EC0000D20000BB0000A7000095A6
:10DCC00000008500007600006900005E000054003E
:10DCD000004B00004200003B00003500002F000018
:10DCE0002A00002500002100001E00001A00001874
:10DCF00000001500001300001100000F00000D00CF
:10DD0000000C00000B0000090000080000070000E4
:10DD100007000006000005000005000004000004E4
:10DD200000000300000300000300000200000200E6
:10DD300000020000004000000000000000001B7B0B
:10DD40002003D232285712094094050AAF3BCA1B60
:10DD500000000000000000000000647370636F6446
:10DD60006500003223EE4AFC000100001E52000054
:10DD7000000000001E4605550D01A0000000000037
:10DD80000000000000000000000000000000000093
:10DD9000000000001D420000003C000000000000E8
:10DDA000008E00240024001A001A001A001A001A1B
:10DDB000001A001A001A0F34100800AC323C00CBD5
:10DDC000003C00014E7548E700E0206D00204E4009
:10DDD00000106574323C00D74A0066682B49002069
:10DDE000226F00044229000224690004246A00040E
:10DDF0000C690001001A663C323C00CB302A002E30
:10DE00000C29000100836612B02900816B36424064
:10DE100010290081C0FC00BE6010B02900816B2475
:10DE2000424010290081C0FC00BE41EA008ED1C0F2
:10DE30002348005E303C002A61001224640A0C4131
:10DE400000D06704003C00014CDF07004E7548E736
:10DE500020F024690004246A00042669005EB3EB04
:10DE600000006618B9EB000466120C29000100835B
:10DE7000660661001C38600461000D384A69001AAA
:10DE80006652102900823429000061001144206983
:10DE900000462008672AD1E8003053AA003A6600FD
:10DEA000000642AA0036D0E800064E9048E700205F
:10DEB0002469004642A900464E4000024CDF04009F
:10DEC000303C002B61001198640A0C4100D06704BB
:10DED000003C00014CDF0F044E7548E72000342958
:10DEE00000001029008261000F94650A3B42000285
:10DEF000316D000A00024CDF000460000E4C202B44
:10DF00000008673820404AAC0014671A48E7004010
:10DF1000342800001029008261000F1E6100114AA0
:10DF20004CDF020065223B68000000024AAD002081
:10DF30006716303C0132610010FE600C323C06096D
:10DF4000426D0002003C000160000DFE48E7200029
:10DF5000342D000A1029008248E7004061000EDAE3
:10DF600065164AAC00146706610010FE650A4CDFB6
:10DF700002002B48002060044CDF02004CDF00044C
:10DF800060000DC660000DC24AAB0008660A323C54
:10DF9000060A003C0001602C4AAC0014671E206B8E
:10DFA0000008342800001029008248E70040610082
:10DFB0000E88610010B44CDF02006508303C01009F
:10DFC0006100109C60000E6C342D000A1029008244
:10DFD00048E7004061000E6265284AAC00146706FD
:10DFE00061001086651C4CDF0200B1EB0008660A78
:10DFF000303C010161001068650C216D000C0026A9
:10E0000060044CDF020060000E2A202B000867002D
:10E01000012A48E70040204008280003000366006A
:10E0200001164A2B00506600010E3428000010290A
:10E03000008261000E044AAC001467086100102AD7
:10E04000650001024CDF02004A2B003B6600001213
:10E05000303C010261001008650000EE600000D055
:10E060004AAD00146700005E303C010261000FF011
:10E07000650000D6216D0014002A48E7006022697F
:10E08000002C3369004A000824690004246A000453
:10E09000303C012A61000FC86400000E426900088C
:10E0A0004CDF0600600000A248E700102669005E11
:10E0B00050EB00704CDF0800426900084CDF06009E
:10E0C000600000864AA8002A660000066000FF8201
:10E0D000303C010261000F886500006E216D001464
:10E0E000002A303C0117243CFFFFFFFF61000F7046
:10E0F0006500005648E700602269002C3369004A39
:10E10000000824690004246A000448E70010266916
:10E11000005E51EB00704CDF0800303C01216100D3
:10E120000F3E426900084CDF06006000001C216DB4
:10E130000014002A60124CDF0200323C00CB003C8D
:10E14000000160044CDF020060000CE848E700407A
:10E15000342D000A1029008261000CDE65344AACBF
:10E160000014670661000F0265284CDF0200B1EB66
:10E170000008660A303C010061000EE46518322D8B
:10E18000000A6100107434011029008261000E0C35
:10E1900060044CDF020060000C9A61000EC2600057
:10E1A0000C924AAB0008670002364A2B0050660802
:10E1B0004A2B003A670002284AAC00146720206B03
:10E1C0000008342800001029008248E70040610060
:10E1D0000C6861000E944CDF02006500020A4A2BB5
:10E1E000003B6600001A303C010561000E726500BC
:10E1F00001F6422B0050422B003A600001EA206BEE
:10E2000000084A680010660000CC4A2B00506700E6
:10E21000005648E700602269002C3369004A000874
:10E2200024690004246A0004243CFFFFFFFF303C03
:10E23000012961000E2A65000022426900084CDFB6
:10E240000600303C010561000E166500019A51EB95
:10E25000003A51EB00506000018E426900084CDF2B
:10E26000060060000182303C0117243CFFFFFFFFE5
:10E2700061000DEC65000170303C010561000DE0AE
:10E280006500016451EB003A51EB005048E7006033
:10E290002269002C3369004A000824690004246ABA
:10E2A0000004303C012161000DB6640C4269000895
:10E2B0004CDF06006000012848E700102669005E78
:10E2C00051EB003A4CDF0800426900084CDF0600C1
:10E2D000600001142069002C4A290031670C4A288B
:10E2E0000031660000826000008A4A280031660022
:10E2F0000072303C0117243CFFFFFFFF61000D60FE
:10E30000650000E4303C010561000D54650000D853
:10E3100051EB003A51EB005048E700602269002CB5
:10E320003369004A000824690004246A0004303C70
:10E33000012161000D2A6400000E426900084CDFD3
:10E340000600650000A248E700102669005E51EB58
:10E35000003A4CDF0800426900084CDF060060000C
:10E3600000866000FF8E4A2900306600FF8660004C
:10E37000000248E700602269002C3369004A000867
:10E3800024690004246A0004243CFFFFFFFF303CA2
:10E39000012961000CCA6500000C303C01216100BC
:10E3A0000CBE640C426900084CDF060060000038B7
:10E3B00048E700102669005E51EB003A4CDF080088
:10E3C000426900084CDF0600303C010561000C90FA
:10E3D0006500001451EB003A51EB00506008323CEC
:10E3E00000CB003C000160000A4A222B000867466F
:10E3F00020414AAC0014671A48E700403428000066
:10E400001029008261000A3261000C5E4CDF0200BC
:10E41000652C0C6B0001000C661C4A2B0050661624
:10E420004A2B003A6610303C010661000C32650E42
:10E4300050EB00506008323C00CB003C0001600013
:10E4400009F24A2B005267384AAC001467244AABE1
:10E450000008671E206B0008342800001029008285
:10E4600048E70040610009D261000BFE4CDF02006A
:10E47000650E303C010761000BE6650451EB00526C
:10E48000600009B04AAB00086640342D000A10292C
:10E49000008248E70040610009A065284AAC0014EA
:10E4A000670661000BC4651C4CDF0200303C0108AC
:10E4B00061000BAC651C216D00100012216D001471
:10E4C0000034600E4CDF02006008323C00CB003CA0
:10E4D00000016000095E276D000C007AB3EB0000BC
:10E4E000660A303C011661000B766004023CFFFEB8
:10E4F00060000940342D000A1029008248E70040DE
:10E5000061000936650000984AAC00146708610094
:10E510000B586500008A4CDF0200323C00CB082813
:10E52000000000036600007CB1EB0008671C216D51
:10E53000000C0006216D0010000A316D0016000E5F
:10E54000316D001600106000005E4A2B003B670032
:10E55000000A323C00CB6000004A323C0600242D09
:10E56000000CB4AB002C643A242D0010B4AB002C8A
:10E570006230303C010961000AE6652A40E746EA5C
:10E580000030216D000C0006216D0010000A316D75
:10E590000016000E316D0016001046DF60084CDFDB
:10E5A0000200003C00016000088A222B000867443A
:10E5B00020414AAC0014671A342800001029008258
:10E5C00048E700406100087261000A9E4CDF0200CB
:10E5D000652608280003000266100C6B0003000C7F
:10E5E00067080C6B0002000C660A303C010A6100EF
:10E5F0000A6E6008323C00CB003C00016000083429
:10E600004A2B00516736222B000867224AAC0014BF
:10E61000671C2041342800001029008248E7004090
:10E620006100081661000A424CDF0200650E303CB2
:10E63000010B61000A2A650451EB0051600007F4E8
:10E64000342D000A1029008248E70040610007EAE3
:10E6500065284AAC0014670661000A0E651C4CDF91
:10E660000200B1EB0008660A303C010C610009F0C1
:10E67000650C216D000C001E60044CDF0200600080
:10E6800007B2323C00CB4AAB0008670000A64AAC98
:10E690000014672048E70040206B00083428000081
:10E6A0001029008261000792610009BE4CDF020060
:10E6B00065000084323C00CB0C6B0001000C670A43
:10E6C0000C6B0004000C6600006A4A2B0050666266
:10E6D0004A2B003A665C303C010D610009826556A8
:10E6E00054EB003A4A2B003B674C48E70060226934
:10E6F000002C3369004A000824690004246A0004DD
:10E70000303C0123610009586400000E4269000892
:10E710004CDF06006000002048E700102669005E1C
:10E7200050EB003A4CDF0800426900084CDF06005D
:10E730006004003C0001600006FA48E718004AAC9B
:10E740000014672048E70040342D000A1029008299
:10E75000610006E6650002AA6100090E650002A2DA
:10E760004CDF020061000A2A6500028E28084A2B4D
:10E77000003B67046000027A4AAB0000661A4AABAD
:10E780000004661442834AAB004C6660610008F6E0
:10E790006500026660000056263C00000001B9EBEF
:10E7A00000046612B3EB0000660002464AAB0008A4
:10E7B000663260000038B3EB0000670002340C6D75
:10E7C000FFFF001A6600022A610009026500022AA2
:10E7D0004A69003A66000016323C0604003C00011B
:10E7E00060000216303C0100610008740C6DFFFFF0
:10E7F000001A670001140C6DFFFE001A670000206C
:10E8000061000A6A650001F230290008B068004A18
:10E810006714323C00A4003C0001600001DC50EBB6
:10E820000071600000E448E7004048E7001022481B
:10E830002669005E4AAB000866144CDF08004CDF16
:10E840000200323C00CB003C0001600001AC206BB8
:10E850000008342800001029008248E7006024697D
:10E860000004246A0004610005D0610007FC4CDF4D
:10E8700006006400000E4CDF08004CDF0200600060
:10E8800001780C6800000002660C20440828000093
:10E8900000036600FFA620494CDF08004CDF0200A1
:10E8A0002348002C2149002C2744000848E7006039
:10E8B0002269002C3369004A000824690004246A94
:10E8C0000004303C0129242D001C610007926400E3
:10E8D000000E426900084CDF06006000011C4AADD2
:10E8E0000014671C303C012A610007746500FFE4D6
:10E8F00048E700802069005E50E800704CDF0100AE
:10E90000426900084CDF06004269003A27490000CE
:10E91000274C0004236D0030004C204408280000E0
:10E9200000036614276D0010002C276D00240028BA
:10E93000276D000C00306010276D0024000E42ABE4
:10E940000030276D000C0012376D001A0034276D5F
:10E95000001C0036274400082044216D0014002AC2
:10E9600033690008004A422B003A422B005042AB68
:10E970000044303C010E610006E66500003850EBB3
:10E9800000514A2B003B6700007048E700502269A5
:10E99000002C2669005E51EB00714A2B003A670C8F
:10E9A0004CDF0A0050EB003A6000004E4CDF0A00DA
:10E9B0006000004642A8002A42A9004C42AB002C4D
:10E9C00042AB002842AB003042AB000E42AB00121B
:10E9D000426B003442AB003651F9000000714A83AB
:10E9E00066082F0161000062221F003C00016008E0
:10E9F000323C00FA003C00014CDF00186000043497
:10EA00004CDF020060F2342D000A1029008248E732
:10EA100000406100042465284AAC001467066100C8
:10EA20000648651C4CDF0200B1EB0008660A303C6A
:10EA3000010F6100062A650C216D000C00226004A4
:10EA40004CDF0200600003EC61000168600003E439
:10EA500048E70040342D000A10290082610003DAE3
:10EA6000653E4AAC00146706610005FE65324CDF66
:10EA70000200B1EB0008661448E70080303C011149
:10EA8000610005DC4CDF01006500001A316D000EED
:10EA90000004216D00100012116D00170034600495
:10EAA0004CDF02006000038C202B000867244AAC76
:10EAB0000014671A48E7004020403428000010295D
:10EAC000008261000374610005A04CDF0200650054
:10EAD0000014303C011261000586650850EB0052BD
:10EAE00050EB00516000034C336D000E002AB3EB75
:10EAF00000006708023CFFFE60000338303C011351
:10EB00006100055C64F20C4100D067EC003CFFFE44
:10EB100060E6342D000A1029008248E700406100B9
:10EB20000318652C4AAC001467066100053C65209B
:10EB30004CDF0200303C0114610005246516216D94
:10EB4000000C001A214000162B680016000060041B
:10EB50004CDF0200600002DC3F02142900832F29F1
:10EB600000800C020001670C2F29008C2F290088DF
:10EB70002F2900842F0B303C001F266D002041E917
:10EB8000008040C146EA003020DB51C8FFFC265F10
:10EB90000C020001670C235F0084235F0088235F61
:10EBA000008C235F0080341F46C1023CFFFE6000E2
:10EBB0000282B3EB0000660000924AAB0008672EA9
:10EBC0004A69001A672048E70040206B0008342893
:10EBD000000010290082610002606100048C4CDF9B
:10EBE00002006500006E303C010061000472303CA0
:10EBF00001106100046A64060C4100D06654206B69
:10EC000000002428003E4268004A42AB000042ABAC
:10EC100000044A82671648E7004022486100052840
:10EC20004CDF0200642C0C4100EF66224A2B00519D
:10EC30006712303C010B61000426650851EB00515E
:10EC400051EB0052610004646008323C00CB003C90
:10EC500000014E7548E78070206D002070004E4026
:10EC60000000650000542049226F00044AA90046B4
:10EC700066000014266F0008202B00366700002471
:10EC8000B08A660E6020B5E9004666064E40000276
:10EC900060264E400002223C000000E7003C0001DC
:10ECA0006016274A003652AB003A234A0046246FCA
:10ECB0000008D0E800004E904CDF0E0160000174A7
:10ECC000F21AF28CF23E008E008E008E008E008EC4
:10ECD00005DE0612066648E720F024690004246A6F
:10ECE00000042669005E302D00060C40000067001D
:10ECF000F2943200044101300C41000B642A0C40B4
:10ED0000013065240C400138640A0C29000000839E
:10ED1000663C60080C2900010083663241FAFFA2BC
:10ED2000E349D0F010004ED00CA9000000000046CE
:10ED300067124CDF0F0420690046D1E80030D0E8AC
:10ED400000044ED0610002F04CDF0F044E75323CDF
:10ED500000D0003C000160F0F230F270F2B2F3F447
:10ED6000F442F44AF692F6EAF72CF79CF852F8A827
:10ED7000F8E8F92AF9E2FCAEFCF0FCF8FD50FD9051
:10ED8000FDBAFEFCF77E00D200D200D200D200D243
:10ED900000D200D205FE063E068C06D4091009C436
:10EDA0000AA40D2E0D360DE808F248E720F024697C
:10EDB0000004246A00042669005E302D00060C4021
:10EDC00000006700FD940C40002A673C0C40002BBB
:10EDD00067363200044101000C410029642A0C40CE
:10EDE000010065240C40011E640A0C290000008308
:10EDF000663860080C2900010083662E41FAFF5A2C
:10EE0000E349D0F010004ED00CA9000000000046ED
:10EE100067124CDF0F0420690046D1E80030D0E8CB
:10EE200000024ED0610002386008323C00D0003C45
:10EE300000014CDF0F044E7548E72000226A0032C3
:10EE4000323C0010B2426C104AA9000067202269CF
:10EE500000000641001060EC53420242000F0240E5
:10EE600000FFC4C041F120704A6800006608323CCF
:10EE70000604003C00014CDF00044E7548E71050CA
:10EE8000226A00327201206900042608660E0641DB
:10EE90000010262900006762224360EA264842816A
:10EEA0001200E4095381428326C351C9FFFC322971
:10EEB00000083141000053410241000FD24133822A
:10EEC0001010D24123AC0014103034290008320253
:10EED00044410241000F42A9000426484A01674EFE
:10EEE000024000FFD6C0526900084A6B0000670468
:10EEF000530160E8234B00046034360161000036A2
:10EF0000652C41E90070320353410241000FD241A8
:10EF1000338210103143000032030280000000FFF2
:10EF2000D0882340000452413341000834034CDFB1
:10EF30000A084E7548E780A00280000000FF22000A
:10EF4000E948064000704E40002865322340000C1E
:10EF5000203C00000070612C234A0000224A42AA93
:10EF60000000303C000F41EA007045EA001034FC1C
:10EF7000FFFF42680000D1C151C8FFF442414CDF9D
:10EF800005014E7548E7C0204281E488538024C1C2
:10EF900051C8FFFC4CDF04034E7548E720C06100F8
:10EFA000FE986526426800004AA900046706B1E998
:10EFB000000462083342000823480004534202421E
:10EFC000000FD44233BCFFFF20104CDF03044E750A
:10EFD00048E718C0222A00324A816754224178202B
:10EFE00042034A44672C5544B471401066F432041D
:10EFF000E249024000FFC2C041F1107050C3322804
:10F00000000042680000610001F033BCFFFF4010C7
:10F0100060D04A0367144AA900046706B1E90004F6
:10F02000620823480004334100082229000060A838
:10F030004CDF03184E7548E705803A3C00063569F9
:10F04000000800062069000420680000DAA80030EB
:10F050003A3050004EB050004CDF01A04E7548E7EA
:10F0600005803A3C000860D653420242000FE54258
:10F0700020312030B0AC00146708323C00A4003CC2
:10F0800000014E7548E700202029008867162229D4
:10F0900000844E40005C650C2740004C274A004825
:10F0A000023CFFFE4CDF04004E7548E70020202B99
:10F0B000004C6712246B00484E400029650842ABA3
:10F0C000004842AB004C4CDF04004E75336D000A23
:10F0D000003A206B00002028003E6704204060F6C4
:10F0E00042A9003E234800422149003E70004E40A4
:10F0F000000A6520323C060A082C0001001C661438
:10F10000322C002667060C4100206508157C0001A2
:10F11000002F603040E746EA00302029003E6708B3
:10F1200020402169004200422029004220402169FC
:10F13000003E003E6000000246DF157C00DC002F30
:10F14000003C00014E7520492028003E67382040D1
:10F15000422A002F30280008323C00014E400008AF
:10F16000652C726470014E40000A65224A2A002F05
:10F17000660651C9FFF0600E0C2A00DC002F67C63E
:10F18000023CFFFE6008323C00EF003C00014E757F
:10F1900048E7A000342D000A1029008248E700400B
:10F1A0006100FC964CDF020065480828000000035F
:10F1B000670E323C06004AAD001066326000003433
:10F1C000323C0600242D00106724B4AD000C631EF1
:10F1D0000CAD00000000002467144A68001067129C
:10F1E000B4A800066308B4A8000A65026004003CE5
:10F1F00000014CDF00054E754AAB0000672E48E762
:10F2000000C0206B00002028003E671C2040B26830
:10F21000003A660E2028003E610000144A8067080C
:10F2200060EA2028003E66E44CDF03004E7548E7A4
:10F23000C0404AA8003E6716226800422368003E8C
:10F24000003E2268003E23680042004260082268B7
:10F25000004242A9003E4268003A30280008323C91
:10F2600000014E4000084CDF02034E7548E7804025
:10F27000302D001AE38841EC0168303000004A402C
:10F28000670E206E00484E40002F650C2049600834
:10F29000323C00C9003C00014CDF02014E753429AC
:10F2A0000000102900826100FBD46522117C0080DF
:10F2B0000012117C00FF0013117C00800014117CEF
:10F2C00000FF00153B420002316D000A00026000A1
:10F2D000FA784AAB0008673E0CAC0000000000144E
:10F2E000671E206B0008342800001029008248E7C0
:10F2F00000406100FB446100FD704CDF02006522AC
:10F300003B68000000024AAD00206716303C01391E
:10F310006100FD24600C323C0609426D0002003C95
:10F3200000016000FA24342D000A1029008248E709
:10F3300000406100FB0465184AAC001467066100D8
:10F34000FD28650C4CDF02002B4800206000F9FA14
:10F350004CDF020060F64AAB0008660A323C060A3F
:10F36000003C0001602C4AAC0014671E206B0008B2
:10F37000342800001029008248E700406100FABAF2
:10F380006100FCE64CDF02006508303C011E6100B4
:10F39000FCCE6000FA9E48E70040342D000A102998
:10F3A00000826100FA9465364AAC00146706610079
:10F3B000FCB8652A4CDF0200B1EB0008660A303C5D
:10F3C000011E6100FC9A6512322D000A6100FE2ABE
:10F3D0003401102900826100FBC26000FA564CDF44
:10F3E000020060F648E70040342D000A1029008230
:10F3F0006100FA4665304AAC001467066100FC6A99
:10F4000065244CDF0200B1EB0008660A303C0120A5
:10F410006100FC4C650C316D00120004216D000C84
:10F4200000126000FA0E4CDF020060F64AAB0008E2
:10F430006700020E4A2B003B660C4A2B003A67001D
:10F4400002006000002A4A2B003A6604670001F2BD
:10F4500048E700502269002C2669005E4A2B0050C4
:10F4600067084CDF0A00600001D84CDF0A004AAC94
:10F4700000146720206B0008342800001029008247
:10F4800048E700406100F9B26100FBDE4CDF02009A
:10F49000650001AA4A2B003B66000016303C0121A2
:10F4A0006100FBBC65000196422B003A6000018EB2
:10F4B000206B00084A6800106600007448E700608E
:10F4C0002269002C3369004A000824690004246A78
:10F4D0000004303C0117243CFFFFFFFF6100FB806C
:10F4E000650001522F2D00081B7C0000000B303CF2
:10F4F00001056100FB6A2B5F00086500013848E7E1
:10F5000000102669005E51EB003A51EB00504CDFD1
:10F510000800426900084CDF0600303C0121610010
:10F52000FB3E6500011851EB003A600001102069B4
:10F53000002C4A2900316700000E4A28003166007D
:10F5400000E4600000EC4A2800316600007448E7DF
:10F5500000602269002C3369004A00082469000415
:10F56000246A0004303C0117243CFFFFFFFF6100C8
:10F57000FAEE650000C0303C01052F2D00081B7C11
:10F580000000000B6100FAD82B5F0008650000A6A0
:10F5900048E700102669005E51EB003A51EB00503D
:10F5A0004CDF0800426900084CDF0600303C0121B6
:10F5B0006100FAAC6500008651EB003A6000007E05
:10F5C000243CFFFFFFFF303C01296100FA926500F7
:10F5D000006C303C01216100FA866500006051EB4F
:10F5E000003A48E700602269002C3369004A0008AD
:10F5F00024690004246A0004303C01056100FA60BB
:10F600006500003248E700102669005E51EB003AC1
:10F6100051EB00504CDF0800426900084CDF060047
:10F620006000001A4A2900306600FF966000FF2043
:10F630006000FF1C426900084CDF06006000F7F420
:10F64000323C00CB003C000160F2276D000C007AD8
:10F65000B3EB0000660A303C01286100FA02600446
:10F66000023CFFFE6000F7CC48E70040342D000A62
:10F67000102900826100F7C26500009A4AAC0014AC
:10F6800067086100F9E46500008C4CDF0200323C41
:10F6900000CB0C680000000266000074B1EB0008AB
:10F6A000671A216D000C0006216D0010000A316DF3
:10F6B0000016000E316D00160010605C4A2B003BF6
:10F6C0006708323C00CB60000046323C0600242D27
:10F6D000000CB4AB002C6436242D0010B4AB002C0D
:10F6E000622C303C01226100F976652C40E746EA45
:10F6F0000030216D000C0006216D0010000A316DF4
:10F700000016000E316D0016001046DF600A003C46
:10F71000000160044CDF02006000F718323C00CBAF
:10F720004AAB0008670000CE4AAC0014672048E7E7
:10F730000040206B0008342800001029008261007E
:10F74000F6F86100F9244CDF0200650000AC323CA1
:10F7500000CB4A2B003A6600009C4A2B003B660017
:10F760000016303C01236100F8F66500008C54EB74
:10F77000003A6000008448E700602269002C336989
:10F78000004A000824690004246A000448E70010C5
:10F790002669005E4A2B0050663C4CDF0800303C76
:10F7A000010D6100F8BA6500004048E700102669C5
:10F7B000005E50EB003A4CDF0800426900084CDF65
:10F7C0000600303C01236100F8966500002C50EBE8
:10F7D000003A600000244CDF0800426900084CDF5A
:10F7E0000600323C00CB600C426900084CDF06008A
:10F7F00060000006003C00016000F63848E7180091
:10F800004AAC0014672048E70040342D000A102954
:10F8100000826100F624650002686100F84C650012
:10F8200002604CDF02006100F9686500024C2808A4
:10F830004A2B003B6704600002384AAB0000660AAE
:10F840004AAB0004660442836050263C000000017D
:10F85000B9EB00046610B3EB0000660002144AAB7B
:10F860000008662E6034B3EB0000670002040C6DE4
:10F87000FFFF001A660001FA6100F852650001FA04
:10F880004A69003A6614323C0604003C00016000FC
:10F8900001E8303C011E6100F7C60C6DFFFF001A45
:10F8A000670000F40C6DFFFE001A67000020610085
:10F8B000F9BC650001C430290008B068004A67142B
:10F8C000323C00A4003C0001600001AE50EB00712E
:10F8D000600000C448E7004048E70010224826695D
:10F8E000005E4AAB000866144CDF08004CDF0200E3
:10F8F000323C00CB003C00016000017E206B000820
:10F90000342800001029008248E7006024690004C0
:10F91000246A00046100F5226100F74E4CDF060006
:10F920006400000E4CDF08004CDF02006000014A5A
:10F930000828000000036610240820440C68000119
:10F9400000026700FFA420424CDF08004AA8002AFA
:10F95000670450EB007020494CDF02002348002C64
:10F960002149002C2744000848E700602269002C48
:10F970003369004A000824690004246A0004303C0A
:10F980000117242D001C6100F6D6426900084CDFE7
:10F990000600650000E44269003A27490000274C50
:10F9A0000004236D0030004C20440C68000000026D
:10F9B0006614276D0010002C276D00240028276D89
:10F9C000000C00306010276D0024000E42AB0030A8
:10F9D000276D000C0012376D001A0034276D001CD3
:10F9E00000362744000833690008004A422B003AD9
:10F9F0004A2B003B6700001C48E700502269002C9E
:10FA00002669005E4A2B003A4CDF0A00670450EB7F
:10FA1000003A303C01246100F6466500001A4A2B8A
:10FA2000003B670000542069002C2068005E51E80C
:10FA300000716000004442A9004C42AB002C42AB74
:10FA4000002842AB003042AB000E42AB0012426BCA
:10FA5000003442AB003642AB001651EB00714A83D2
:10FA600066082F0161000020221F003C0001600891
:10FA7000323C00FA003C00014CDF00186000F3B497
:10FA80004CDF020060F2610000246000F3A6336DD9
:10FA9000000E002AB3EB00006708023CFFFE600086
:10FAA000F392303C01266100F5B660F2B3EB000042
:10FAB0006600007E4AAB0008670000364A69001AFB
:10FAC00067264AAC0014672048E70040206B000816
:10FAD00034280000102900826100F35E6100F58A7D
:10FAE0004CDF020065000052303C011E6100F570E1
:10FAF000303C01256100F56864060C4100D0663495
:10FB0000206B00002428003E4268004A42AB0000FF
:10FB100042AB00044A82671648E700402248610071
:10FB2000F6264CDF020064060C4100EF66064E75B7
:10FB3000323C00CB003C000160F4323C00FA60F43F
:10FB400048E78070206D002070004E400000650086
:10FB500000542049226F00044AA9004666000014A0
:10FB6000266F0008202B003667000024B08A660E3E
:10FB70006020B5E9004666064E40000260264E4011
:10FB80000002223C000000E7003C00016016274A0A
:10FB9000003652AB003A234A0046246F0008D0E8F2
:10FBA00000004E904CDF0E016000F2884D6F7669C8
:10FBB0004D616E00006166E04AFC000100000068D3
:10FBC000000000000000006005550F0080000001EB
:10FBD0000000000000000000000000000000000025
:10FBE0000000000000003F5E00E030007B048087E2
:10FBF000004C0054005C0000000000000000000405
:10FC00007B0020014D6F76694D616E006D616472FD
:10FC100069760000800040406D61000000EC22F732
:10FC20004AFC000100001DF40000000000001DE877
:10FC300005550E01A00000040000000000000000B7
:10FC400000000000000000000000000000001E4E48
:10FC50000000003C00000000000001BA005E004A05
:10FC6000004A024A031E01E20000323C00D0003C80
:10FC700000014E75415653594E433030000048E75D
:10FC8000F490266A0000377C00010000377C0000F9
:10FC9000001C4A6B001A377C09000006102900344A
:10FCA00012290035740DE56980413740000C42404F
:10FCB00010290035E14808C0000D354000302649C4
:10FCC000D6E9003C256B0000014C357C0001002E7C
:10FCD000363C000047EA008E48E7004041FAFF96B4
:10FCE00043EA0182303C000812D851C8FFFC41EAC7
:10FCF00001824CDF020048E70060377C0001000C05
:10FD0000277C80808080006C277C8080808000A49D
:10FD1000303C04004E40000064224CDF0600203CD2
:10FD200000000020323CA000343C003F41EA018248
:10FD300048E700604E40002565000094274A007E99
:10FD4000274900824CDF060041EA01825228000761
:10FD50000C28003A0007660A117C00300007522880
:10FD60000006D7FC000000BE51CBFF8C203C0000F9
:10FD7000027061000060650000502140000C317C81
:10FD8000000100082148000406A8000000700004DB
:10FD900025480032700F41E8001030FCFFFF51C8C9
:10FDA000FFFA266A0000377C00000022377C00F250
:10FDB0000024377C0001001841FA0736122900366A
:10FDC000102900344E40002A4CDF092F4E754CDFBD
:10FDD000060060F448E700204E4000286506610AEE
:10FDE000023CFFFE4CDF04004E7548E78000428174
:10FDF000E4885380204A24C151C8FFFC4CDF000135
:10FE00004E7548E79090266A0000377C000100009C
:10FE1000377C0000001C4A6B001A2F0A246A00324B
:10FE2000262A0000202A000C4E40002924434A8341
:10FE300066EE4CDF0400302A002E534047EA008E65
:10FE400048E70020246B007E4E400002D7FC0000F3
:10FE500000BE51C8FFF04CDF040091C810290034E7
:10FE60004E40002A4CDF09094E752E29005E9E8AFD
:10FE70000C400139670A323C00D0003C00014E754D
:10FE800040E746EA00304AAA0096670000A848E723
:10FE900000D0206D0020266A00004A2A0138670041
:10FEA000001E302A012002400002670630FCFFFFDE
:10FEB0006010302B000A0240001F30C0600430FC8C
:10FEC000FFFF20EA01324A2A0136670A30EB0014AC
:10FED00030EB0016600830FCFFFF30FCFFFF20EA2B
:10FEE00000BE4A2A0138673E4A2A00C8670620AA8F
:10FEF00000CA60384A2A00FE66F4202A011C322B10
:10FF000000104841322B0012E28992AA0118D081D8
:10FF10000800001E670808C0001F60000006088077
:10FF2000001F2080600620BCFFFFFFFF4CDF0B009E
:10FF300046DF4E75323C0609003C000160EE2E297A
:10FF4000005E9E8A0C40011E670000540C40012098
:10FF5000670000940C400121670000F40C40012868
:10FF60006700018E0C400122670001880C400123CC
:10FF7000670002220C400124670003200C40012985
:10FF8000670003F20C400126670004E00C40012AE0
:10FF900067000512323C00D0003C00014E7540E77E
:10FFA00046EA00304AAA0096661446DF323C060A4A
:10FFB000003C000160064CDF090046DF4E7548E753
:10FFC0000090266A0000357C060A012A4AA9004CE6
:10FFD000670A2069004C006880010000206A0096D2
:10FFE000610010B860D040E746EA00304AAA0096A7
:10FFF0006700005848E78090266A0000206A009653
:020000040001F9
:1000000030280004B06D001267000020376D001228
:100010000008302A012000400002354001204A2A11
:1000200000C86606376A0120001C202D000CB0AA0B
:1000300000FA67000012254000FA4A2A00C866004C
:10004000000650EA013D4CDF090146DF4E7540E7EE
:1000500046EA00304AAA00966700008A48E780F026
:10006000266A00004A2A0137670C51EA013761000D
:10007000102A600000684A2A00FE6710206A009675
:100080000C68000100026604600000524A6B001A0E
:10009000302A012000400104354001203740001C77
:1000A000422A013650EA013B51EA012C50EA014153
:1000B000357C0002009A4A2A00FE6600002051EAC0
:1000C000013E377C00020000377C00070004206AF4
:1000D00000962568001200FA50EA013D4CDF0F013E
:1000E00046DF4E7546DF323C00CB003C000160F23B
:1000F0004E7540E746EA00304AAA0096672848E76E
:100100008010266A00004A6A00AC671E256D000C4C
:1001100000B2256D001000AE356D001600AC4CDF4E
:10012000080146DF4E75424160F8256D001000A8B9
:10013000256D000C00B2356D001600AC202A00BE03
:10014000B0AA00A86DD84A2A00C86638377C0000DB
:10015000001C4A6B001A377C00010000202A00B204
:10016000206A0096610010BE302A01200040010480
:100170003740001C354001204A6B001A377C0002D2
:100180000000609A202A00B2206A00966100109652
:100190006000FF8C48E7001040E746EA00304AAABA
:1001A0000096670000EA266A0000206A00960C6844
:1001B0000001000266584A2A00FE660000CA377C29
:1001C00000010000377C0000001C4A6B001A4A2A1C
:1001D00000C96700000651E90030206A009C200831
:1001E0002068000620680006B08866000082206A49
:1001F000009C1028000008000000670000724228E0
:10020000000042A8001825680006009C60E0377CCA
:1002100000010000377C0000001C4A6B001A4A2ACB
:100220000139674A50EA013B51EA013951EA012C90
:1002300051EA0140377C000700044A2A00C96700E0
:10024000002E206A0114317C00010000317C000482
:1002500000124A290030670C317C0001001850E977
:100260000031600A317C0001001650E90031257C24
:100270008080808000FA257C808080800132422A44
:10028000013661000F7846DF4CDF08004E7546DF0F
:10029000323C00CB003C000160EC48E78090206AD3
:1002A00000960C6800000002662A4A680010671871
:1002B0002568000600BE2568000600B22568000A11
:1002C00000A83568001000AC202A00BE61000F565F
:1002D00060000018202A00A061000F4A256A01086A
:1002E000010451EA01B751EA01B651E9003050E981
:1002F000003150EA013B51EA012C266A00003768C0
:10030000000400082568001200FA422A0136422A39
:100310000137377C000700044A6B001A357C013C2A
:1003200001203029002A024000016706006A00010E
:1003300001204A2A00C96700000C4A2A00C8670049
:100340000004602A4A2A00FE671051EA013D50EA83
:10035000013E376A0120001C601450EA013D51EA59
:10036000013E376A0120001C377C000200004CDF90
:1003700009014E7540E746EA003048E700904AAA76
:100380000096670000DC2069002C2668005E0C8265
:10039000FFFFFFFF6714256A0110011450EA00C92E
:1003A000276A0114008650EB003B206A01140C6898
:1003B00000040012670000A248E70080206B0008DC
:1003C0000828000000036600001E4CDF0100317C9D
:1003D000000100120C82FFFFFFFF6700002250E9BE
:1003E00000306000001A206A00960C6800010002CC
:1003F0006600FFD84CDF0100317C000300124A2A5E
:1004000000C86600000A4A2A013B67000018317CD8
:10041000000100000C82FFFFFFFF673C2142000E3D
:10042000600000360C82FFFFFFFF670000062142DC
:10043000000E266A0000610012942140000A90AA72
:100440000118222A011CD2802141000292A8000E2C
:100450002141000650EA012C4CDF090046DF4E75B1
:10046000323C00CB003C000160EE48E7C010322A6D
:100470000120302D000E0800000267040041000436
:1004800008000000670400410001354101204A2AAC
:1004900000C8660A266A0000376A0120001C4CDF8B
:1004A00008034E7548E7001040E746EA00304AAAC4
:1004B000009667000030266A000050EA013E377C53
:1004C00000010000257C8080808000FA257C8080EF
:1004D00080800132422A013661000D2246DF4CDF66
:1004E00008004E7546DF323C00CB003C000160EE58
:1004F00048E701402E3C0000008E356B001A015089
:10050000302A0150C06A01206700002635400150A2
:100510004280302A0120226A008E206A0096610003
:100520000016610001B861000CD44CDF02804E75EA
:10053000003C000160F4302A01500240003F670097
:10054000019A48E700082869004C51EA0152302A14
:10055000015002400008670000B63029002A02401E
:100560000008670450EA01524A2A0137671C4A2AE8
:100570000152670461000C66422A013761000B1CBE
:10058000357C000001506000014E4A2A01396700A5
:10059000007E51EA013951EA012C50EA013B4A2A16
:1005A00000C9673A48E70080206A0114317C0001E5
:1005B00000004A2900306712317C0001001850E920
:1005C0000031317C000400126010317C0001001603
:1005D00050E90031317C000400124CDF0100377C0F
:1005E00000010000377C0000001C4A6B001A377CB9
:1005F0000007000451EA0140302A012000400100B8
:10060000354001203740001C377C00020000302AB2
:100610000150024000026700001C026AFFFD012039
:10062000376A0120001C3029002A024000026704BA
:1006300050EA0152302A0150024000106700001EAB
:10064000202A00CA202E005450EA01383029002AFE
:10065000024000106700000650EA0152302A0150A3
:10066000024000046700002A157C00FF0136302993
:10067000002A02400004670850EA0152600000129C
:10068000302A01200240FFFB354001203740001C8A
:10069000302A015002400001670000103029002A72
:1006A00002400001670450EA01524A2A01526704DD
:1006B00061000B2A302A0150024000206700001818
:1006C000006C80000000357C00F5012A610009CC37
:1006D000357C000001504CDF10004E75302A01506F
:1006E00002400100670004EE4A2A00FF670000068E
:1006F000600004E24A2A013D6700000A61000F0A17
:1007000051EA013D4A2A0140670000A8532A0140EE
:100710004280102A01404A2A0140660004B8302B6A
:10072000000202400010660004AC4A2A013966004B
:10073000001061000966377C000700046000049621
:1007400050EA013B51EA013951EA012C4A2A00C919
:100750006700003648E70080206A0114317C000100
:100760000000317C000400124A290030670C317C03
:100770000001001850E90031600A317C00010016C8
:1007800050E900314CDF0100377C0007000451EADA
:100790000140377C000100004A6B001A006A000427
:1007A0000120376A0120001C377C00020000600035
:1007B0000424302B0002202E00544A2A0137660000
:1007C00004144A2A013B660E61000E0C202A00CA5E
:1007D0004A2A013C670861000404670003F84A2ABA
:1007E00000C9660001944A2A013B6700002E4A2A8C
:1007F000013A6600001A48E70080206A0122610081
:100800000D7C4CDF01002540011C254000CA610021
:100810000EBC25400118600000D848E70080206A1F
:10082000012261000D584CDF01004A2A00FE6600DB
:10083000006EB0AA00CA6F00001A51EA013C4A2AB1
:10084000013B6700000650EA013F51EA013B6000AE
:1008500003844A2A00C9670000984A2A013B6700BE
:10086000002E48E700804A2A013A6706206A012ED6
:100870006004206A012261000ED2202A00CA50EAD8
:10088000013F61000E5E4CDF0100600000644A2AF7
:10089000013F6700005C51EA013F6000FFC64A2A41
:1008A00000C96700002448E70080206A011422285C
:1008B0000006D2A8000EE389E2814CDF0100B0817E
:1008C0006F00002E6000FF74377C00020000256876
:1008D000001200FA006A00040120376A0120001C9F
:1008E00050EA013D51EA00FE51EA013E6000FF007E
:1008F0004A2A013E6600002A6100051A650002D8F6
:100900004A2A013F6700001A51EA013F48E7008088
:10091000206A012261000E4C4CDF010060000002E1
:100920004A2A01B6671448E70080206A0122610064
:1009300010A651EA01B64CDF01004A2A00C9672817
:1009400048E70080206A01144A290030670E426897
:100950000018422900314CDF0100600C426800168B
:10096000422900314CDF0100610005C451EA013B1E
:1009700050EA013C6000025E48E70080206A0114F2
:100980000C6800040012660000B24A2900306700BB
:1009900000644A680018670000184A68001666007C
:1009A000008A317C0002001451EA013C60000222FE
:1009B0004A2A00FE6700007C317C00010000317C87
:1009C00000010012317C0001001850E900314CDFB9
:1009D0000100202A00B26100084C536A00AC316A61
:1009E00000AC0010670001F051EA012C50EA013B15
:1009F000600001E24A68001667000010317C0003C5
:100A0000001451EA013C600001C84A2A00FE670058
:100A10000022317C00010000317C0001001650E909
:100A200000314CDF01006000FFAA42680012600044
:100A3000005E4CDF01006000FDAE4A680000670008
:100A4000009C0C6800030012670000400C68000165
:100A500000126700003A4CDF01000C680000000241
:100A60006700002048E70080206A009C42280000C0
:100A700042A8001825680006009C4CDF01006000B9
:100A8000015451EA013C6000014C50E90030610022
:100A90000C3C2140000A48E700804A2A013B6700DD
:100AA00000184A2A013A6706206A012E6004206A6B
:100AB000012261000AC86004202A00CA4CDF01003C
:100AC0002140000290A8000E21400006426800006C
:100AD00050EA012C4CDF01006000FD0C4A2A012C79
:100AE0006600FFF24CDF01000C68000000026700A6
:100AF000004048E70080206A011461000BD02540C7
:100B0000011890A8000A2228000225680002011C92
:100B1000D0AA011CE388E280254000CA2540011CC0
:100B200050EA012C51EA013B4CDF01006000FD342A
:100B300048E700804A2A013A6706206A012E6004CD
:100B4000206A012261000A36206A0114222800026C
:100B5000B0A800026C00004C4A2A0141671E2568BB
:100B6000000200CA4CDF010061000C7E51EA014125
:100B700048E70080206A0114600000282069004CCA
:100B8000B1FC000000006700000E0068800000005B
:100B9000357C0600012A4CDF0100610004FE600084
:100BA000003461000B282540011890A8000A256830
:100BB0000002011CD0AA011CE388E280254000CA83
:100BC0002540011C50EA012C4CDF01006000FC4C68
:100BD0004CDF01004E75610004C260F848E72080D8
:100BE0000C6800000002660000AE4AAA00A0670080
:100BF0000056206A00BED1EA00B6610006D0202A65
:100C000000BED0AA00A0223C0000090092AA00A0C9
:100C10004A6A00AC67000010242A00A89480B481BE
:100C20006418220260140CAA0000090000BA6502D0
:100C30006008222A00BA92AA00A042AA00A0D0AA64
:100C400000B6600000384A6A00AC67000010222A33
:100C500000A892AA00BE630000366008222A00BAEB
:100C600092AA00BE0C810000090063000008223C2B
:100C700000000900202A00BED0AA00B625400122AB
:100C800025410126023C00FB4CDF01044E754CDF80
:100C9000010470004E75206A009C102800000800B6
:100CA00000006700009C4A2A013E66104AAA00A480
:100CB000670000BC202A00A453AA00A44228000018
:100CC00042A800183228000467083029004A4E4024
:100CD000000825680006009C4A2A00C96700FFB08A
:100CE00048E70080206A01144A6800006700004A53
:100CF0000C6800010012660000404CDF01004A2A27
:100D0000013B6700000C2068000A61000870600465
:100D1000202A00CA206A01142140000290A8000E77
:100D200021400006610009A62140000A4268000037
:100D300050EA012C6000FF584CDF01006000FF50BA
:100D40004A2A00C96700FF48206A01144A68000067
:100D50006700FF3C0C68000100126600FF324A2A5F
:100D6000013B6600FF2A202A00CA6000FFA84AAAA9
:100D700000A06700008A2068000A61000550200872
:100D8000D0AA00A0223C0000090092AA00A042AA1A
:100D900000A02540012225410126610007E0240032
:100DA0004A2A013B6708254001426000FED890AA0C
:100DB00001420C8000003D866E180C80000000008F
:100DC0006B10254201424A2A01B7660000266000E6
:100DD000FEB425420142256A010801044AAA010421
:100DE000660C2542014251EA01B76000FE9850EAC4
:100DF00001B761000AE850EA01B66000FE88256884
:100E0000000A0122257C0000090001262068000A52
:100E10006000FF8848E708804A2A013A6610206A85
:100E20000122282A01266100003E60000034206A69
:100E3000012E283C0000000C6100002C65000022FF
:100E40000C2A0002013A6600FFD641EA01544284AE
:100E5000182A017461000010650000066000FFC0E0
:100E60004CDF01104E7548E730402008226A014CE3
:100E700008290003000066F840E746FC2700226AC4
:100E8000014C137C00FF00002348000CE24C33446B
:100E9000000A137C00040006137C00120005137C7A
:100EA00000380004137C00800007006B8000000005
:100EB000082900070000660260F646DF12290001DB
:100EC000082900040000660E2069000C023CFFFEA9
:100ED0004CDF020C4E7543FA0032E3493231100008
:100EE0003541012A4CDF020C2069004CB1FC0000A6
:100EF000000067000008006880000000003C00015E
:100F00006000FFD24CDF020C4E7500F600F400F4D6
:100F100000F400F400F400F400F400F4006600664D
:100F200000F400F400F400F400F400F4000248E7D8
:100F300000800C68000100026600002C206A009C02
:100F40003228000467083029004A4E400008422831
:100F5000000042A8001825680006009C51EA013AEA
:100F60004CDF01004E7542804A2A013A670A303C44
:100F7000090051EA013A6004202A0126D1AA00BEE4
:100F80004A6A00AC66000012202A00BAB0AA00BE6D
:100F90006200FFCE600000D2202A00A8B0AA00BEE6
:100FA0006200FFBE4AAA00AE6700000C256A00AED0
:100FB00000A842AA00AE202A00B261000268536A6B
:100FC00000AC316A00AC0010670000944A2A013E70
:100FD000670000784A2A00C96700004450EA013BD4
:100FE00051EA012C48E70080206A0114317C00019D
:100FF0000000317C000400124A2900306712317C65
:101000000001001850E900314CDF01006000FF5280
:10101000317C0001001650E900316000FFEC50EA1D
:10102000013B51EA013E51EA00FE377C000200001C
:101030002568001200FA50EA013D006A0004012010
:10104000376A0120001C6000FFC050EA0139377C7C
:10105000001F0004157C001601406000FF044A2AAE
:10106000013E6700000460244A2A013E661E302BC0
:10107000000202400008661450EA0137377C001F66
:101080000004157C001601406000FED66100000CD3
:10109000357C000001506000FEC848E7200840E7AA
:1010A00046EA0030377C00010000377C0000001C5D
:1010B0004A6B001A426A0120357C0001009A51EA0D
:1010C000013651EA013851EA014051EA013751EA4B
:1010D000013951EA013A51EA00FE51EA00FF51EAB2
:1010E000013F51EA014142AA009642AA00A842AA41
:1010F00000B2426A00AC42AA010442AA010842AA14
:10110000014251EA01B651EA01B74A2A00C9674EC5
:1011100048E700502269002C42A9002C2669005E95
:1011200051EB003B42AB00864CDF0A0042A9002C89
:1011300051E9003051EA00C951EA013E51EA012C5F
:1011400048E70080206A011442AA0114303C0007DD
:1011500020FC0000000051C8FFF84CDF010042A84D
:10116000000642A8000A4268000E42680010117C86
:1011700000800012117C00FF0013117C008000141D
:10118000117C00FF00152568001200FA2568001286
:101190000132610000682869004CB9FC00000000C1
:1011A0006700002E006C00010000026CFFF70000D9
:1011B000322C0002342C0000024280006706396A9B
:1011C000012A00024A4167083029004A4E400008BF
:1011D0004269004A46DF4CDF10044E75322A015046
:1011E0000241001FC269002A3029002A0240F8008B
:1011F000D2403029004A4E4000084E7548E78080B2
:101200002069004CB1FC000000006712302B000286
:10121000024000380268FFC70000816800004CDF10
:1012200001014E7522000C8008FFF700645E80FC0F
:1012300009000C6800000002663448404A406722FA
:10124000254000A002AA0000FFFF00A092AA00A073
:101250006B08254100BE6000007242AA00BE60001B
:10126000006A254100BE42AA00A06000005E254041
:1012700000A402AA0000FFFF00A44840254000A0EF
:1012800002AA0000FFFF00A060000040223C000016
:10129000FFFF048008FFF7000C8000000900650CC8
:1012A0005281048000000900670260EC0C680000B5
:1012B0000002660EC2FC0900254100BE254000A0C8
:1012C0006008254100A4254000A04E7548E7F8407D
:1012D000202A00A0123000000C0100FF660002541A
:1012E0006100029A2540011C254000CA203C0000F4
:1012F000000CD0BC000000044281123000005240BB
:10130000E189123000005280D240B2AA00A06204EB
:10131000300160DE5D4048E78000123000030201CA
:1013200000E00C0100C06600020643EA0154223CC2
:101330000000000512F00000524051C9FFF8428140
:1013400074061230000002010080670A12F00000EB
:101350005240520260EC12300000020100C00C0149
:101360000040661012F000005240520212F00000DD
:101370005240520212300000020100F00C01002025
:101380006704600001AA154201765A0215420174F1
:1013900015420175720412F00000524051C9FFF865
:1013A000122A0174E209640812BC0000522A017476
:1013B0004CDF00012200D22A0175B2AA00A066000B
:1013C000001A4281122A017593AA00A02548012E15
:1013D000157C0001013A60000150222A00A0E28938
:1013E0006400000653AA00A0222A00A09240922A7C
:1013F0000174936A01584282D02A0175B0AA00A0F4
:1014000065046000007A123000000C0100FF6704E0
:10141000524060E8524012300000020100FC0C0112
:1014200000FC670260D61230000002010002661064
:1014300006820000092F263C000000107800600A98
:1014400006820000031042837801524012300000EF
:10145000020100F0E809D601E38B43FA00E03231E3
:1014600030001630000002030002670A4A84670455
:10147000588160025281D04155406000FF804A820D
:101480006700009C428343EA0154162A0176428099
:10149000428110313001E18810313002E288E18868
:1014A00010313003E18810313004E288123130000D
:1014B000E4096502600408C0001EE20965026004D8
:1014C00008C0001FD0826508601008810000600A13
:1014D0000801000066F408C100002540017848407A
:1014E0003400E088E088E34AE311E34AE311003C7A
:1014F0000010E31113813000E3486502600408C264
:10150000000108C2000013823002E08A1382300119
:1015100008C0000013803004E088138030032548A1
:10152000012E157C0002013A4CDF021F4E754CDF84
:10153000000142AA00A051EA013A60EC000000203C
:1015400000440068008800AC00D000F001140138AD
:10155000015C017C01A001C401E4000000000068FE
:10156000009C00B600D001050139016D01A1020AFD
:10157000027202DB0343041404E5000048E74080E4
:1015800042814280D1FC00000004600848E74080AE
:101590004281428010280001E18810280002E28880
:1015A000E18810280003E18810280004E488121064
:1015B000E4096502600408C0001DE20965026004D8
:1015C00008C0001EE2096502600408C0001FE28036
:1015D0004CDF01024E754A2A00FE6600002A48E7E9
:1015E0008000610000E890AA0118256A011C00CA69
:1015F000D0AA00CAE388E280254000CA4CEE000170
:1016000000544CDF00014E7548E7C00040E746FC3F
:1016100027004281377C00000022377C00800024B4
:10162000377C00010022377C009300246100008C8D
:10163000377C00070022122A00FC0801000767041B
:10164000123C00803741002461000070377C0007A5
:101650000022122A00FB080100076704123C0080E8
:101660003741002461000054377C00070022122A11
:1016700000FD080100076704123C00803741002488
:1016800061000038377C00070022122A00FA0801A6
:1016900000076704323C0080374100246100001CD1
:1016A000377C00000022377C00F20024256A00FA13
:1016B000013246DF4CDF00034E75377C000200220A
:1016C000302B00240800000267F64E7540E746FC08
:1016D0002700302B00104840302B0012E28846DFF4
:1016E0004E7548E7E080D1FC00000004600448E744
:1016F000E0804281E5886540E3886542340008C2A5
:1017000000004840E348653C08C0000008C10000F4
:1017100000010020E188E188300211400004E088E7
:1017200011400003E08811400002E08811400001F0
:1017300010814CDF01074E7508C1000360BA08C173
:10174000000260B808C1000160BE48E700C043EA7B
:10175000017CD1FC0000000422D812904CDF030071
:101760004E7548E700C043EA017CD1FC000000044C
:1017700020D910914CDF03004E7548E7700042837A
:10178000142800040202000E080200036708000289
:1017900000F0163C00010201000E0801000367087A
:1017A000000100F0163C0001B20267086D00003035
:1017B0006000002614280005E18A14280006E18A4A
:1017C00014280007E18A142800084A036604B0823E
:1017D0006010B0826D000008023CFFFE6004003C17
:1017E00000014CDF000E4E7548E7F8C0206A00B6D5
:1017F00022484A6A00AC6700001ED1EA00B2202AE3
:1018000000B280FC090048404A406700000490C0D4
:10181000D3EA00A86004D3EA00BA4281202A00CAB1
:10182000E5886400000608C10003E388640408C179
:101830000002340008C200004840E348640408C1C4
:10184000000108C0000008C1000000010020E1887C
:10185000E18830022409948884FC09004284E28AE9
:1018600067222602C6FC0900D1C36100FF0E670093
:1018700000446500000460E691C3283C00000001BC
:101880006000FFDC4A846600001A2609D1FC0000D3
:101890000900B688630000186100FEE063000016CE
:1018A00060EAD1FC00000900B1C963000008003CF7
:1018B0000001602225480122260996880C83000039
:1018C00009006306263C000009002543012691EA31
:1018D00000B6254800BE4CDF031F4E7548E7F0C038
:1018E000428343EA019022E8000412E80008D3FC96
:1018F000000000016100FC86D0AA01046100FDE443
:10190000223C0000000C14301004E18A1430100551
:1019100010301003020000E00C0000C066000078E8
:101920005C41D481103010000200008067045241F5
:1019300060F210301000020000C00C00004066028F
:10194000544110301000020000F00C00002066002E
:10195000003832C112F0100012F0100112F0100223
:1019600012F0100312F01004D3FC00000001520327
:1019700048E7008041F010006100FC1290AA0104C9
:101980006100FD6C4CDF010032020C410900650072
:10199000FF76600000085C82D48160EC0C030004D8
:1019A000650000066000002A0C03000167100C03AC
:1019B000000267100C030003671060000014357C00
:1019C000FFFF019E357CFFFF01A6357CFFFF01AEC6
:1019D0004CDF030F4E7548E7C0C043EA0190215920
:1019E000000411590008D3FC0000000130190C401C
:1019F000FFFF670ED0C0323C000410D951C9FFFC74
:101A000060E44CDF03034E756D616472697600001B
:101A10000044B47B4AFC0001000000780000000094
:101A20000000007005550F0080000002000000005B
:101A300000000000000000000000000000000000A6
:101A400000003F5D00E040005A0480000058006044
:101A50000068000000000000000000107B00400053
:101A60000000009000080000002000004D6F766923
:101A70004D616E00666D76647276000080004040B5
:101A800000E030106D76000000075F384AFC00016E
:101A9000000031D400000000000031C805550E01DF
:101AA000A008000E00000000000000000000000080
:101AB000000000000000000000001E4C0000003C80
:101AC00000000000000001D60066004A004A0384BE
:101AD0000CAA031E0000323C00D0003C00014E75F1
:101AE000415653594E433030002F6E76722F637338
:101AF000640048E73494266A0000377C012000C265
:101B0000377C200000C04A6B0062377C01BF00F4C4
:101B1000377C122800F2377C0000009C4FEFFFE07A
:101B2000428541FAFFC5103C00014E40008465002B
:101B30000066204F323C00204E40008B6500005470
:101B40000C10003366EC0C28003A000166E40C1817
:101B5000003A66FA0C18003A66FA0C10000D67009D
:101B600000320C10004C66080C2800490001671276
:101B70000C10005466DE0C280056000166D6524553
:101B800060D2D0FC00040C10003666C854456000DA
:101B9000FFC44E40008F4FEF002041FA019CE94DF9
:101BA00036052A483570500C0184066A8800018485
:101BB000376A018400C642802740007C27400074B9
:101BC000277C00010000007810290034122900351C
:101BD000E7488001374000DC157C0001002E3A3CCC
:101BE000000047EA008E41FAFEF848E7004043EA69
:101BF00001C3303C000812D851C8FFFC225F48E7FF
:101C0000006042AB005842AB006842AB005C42ABA4
:101C1000006042AB00643775300800AA3775300A9F
:101C200000AC377C0000000C41EA01C3303C0400EA
:101C30004E40000064224CDF060041EA01C348E741
:101C40000060203C00000020323CA000343C003FFB
:101C50004E400025650000D6274A007E27490082B5
:101C60004CDF060041EA01C3522800070C28003966
:101C70000007660A117C003000075228000647EB77
:101C800000BE51CDFF7A10290035E14808C0000D93
:101C9000354000302649D6E9003C256B0000014C58
:101CA000256B000401544281203C0000047048E789
:101CB00004024285610000C2204E4CDF40206500D6
:101CC00000622140000C317C000100082148000422
:101CD00006A800000070000425480032700F41E89B
:101CE000001030FCFFFF51C8FFFA357C00080134BA
:101CF000266A000041FA114C1229003610290034DE
:101D00004E40002A651C357C20000120376A0120E6
:101D10000060377C000C00C251EA012E357CFFFFC9
:101D2000014851EA01D24CDF292C4E754CDF0600E8
:101D300060F0003C000160EA0012004F01230180C6
:101D400002D001E0000200000012004F01230180D8
:101D5000030001E000020000001A004F011801809A
:101D60000300023000010000001A004F011801803A
:101D7000030002300001000048E7002022054E4029
:101D8000005C650A2C4A6100000C023CFFFE4CDF3F
:101D900004004E7548E780024281E48853802CC1DC
:101DA00051C8FFFC4CDF40014E7548E79090266A11
:101DB0000000377C008000C0377C000000604A6B68
:101DC00000622F0A246A0032262A0000202A000C12
:101DD0004E40002924434A8366EE245F102A002ED9
:101DE0004880534047EA008E2F0A246B007E4E4005
:101DF0000002D7FC000000BE51C8FFF04CDF040019
:101E000091C8102900344E40002A4CDF09094E7554
:101E10002E29005E9E8A0C400132670A323C00D0B7
:101E2000003C00014E7548E730D040E746EA0030FC
:101E3000206D0020202A0096670000C0266A00005E
:101E40002240316A00AC0000202A00BED0AA00A0C7
:101E500021400002216A01960006202B00586100F3
:101E6000243E2140000E302B005CE448314000123B
:101E700070FF74FF50C3122A017B0C01000E670C27
:101E80000C01002267060C0100236610302A019223
:101E9000242A0180C14361002600C143314000145F
:101EA0002142000A11430016202A01440C2A002373
:101EB000017B673A0C6A0005013467180C2A00227E
:101EC000017B6724202A01960C80FFFFFFFF670437
:101ED000202A00CA214000183029000046DF2B408C
:101EE00000004CDF0B0C4E75610025CC60E6222A09
:101EF00001966FE0202A00CA60DA46DF323C06090C
:101F0000003C000160DC48E7245040C540E746EA59
:101F10000030323C060A4AAA0096660C46DF003CB6
:101F200000014CDF0A244E75266A0000610028E893
:101F3000640846DF003C000160E84A6B006246DF4F
:101F4000226A008E61001E322029004C671A26404A
:101F50003029004A322B000261001E10377C8001BC
:101F60000000377C060A0002357C0008013460B2AC
:101F700048E700F8266A00004A2A00DE670000767B
:101F8000610029A440E746EA0030027CFFFE206A97
:101F90000096226A008E286A009C082C000000002F
:101FA00067066100266C60EE46DF257CFFFFFFFFC1
:101FB00001964241102D000B670E004104000C00F9
:101FC0000001670400410200374100C051EA012CC2
:101FD0004A6A01486B06357C00010148157C0021E6
:101FE000017B026AFFDF012051EA01C2356B00A0CC
:101FF00001C0603851EA012C206A00960C2A0020AA
:10200000017B67280C6A0001009A671C0C2A0021DA
:10201000017B6718202A01002540019653400040AB
:102020000020374000C06004610022A6006A010061
:102030000120376A01200060357C000F01344CDF3D
:102040001F004E7548E704D040C540E746EA00301F
:10205000202A0096672A2040226A008E266A000005
:10206000610027B4651A256A00CA0144026AFFDFCD
:102070000120376A0120006046DF4CDF0B204E75DF
:1020800046DF323C00CB003C000160EE48E70890A0
:1020900040E746EA0030323C00CB202A0096670039
:1020A00000202040266A0000302800020800000BB3
:1020B0006718323C0600102D000B0200000F670A63
:1020C00046DF003C0001600000BA323C00FA302AD2
:1020D00001340C40000F66E84A6B006246DF202A9C
:1020E00001000800001F670000A0202D000C610007
:1020F000273A082800000003670C42AA00D2282DC6
:10210000002461001D18422A012D6100281A426B2B
:10211000000C426B0020426B0034426B0048426B63
:10212000005C51EA017C42AA017051EA017F51EA48
:10213000012F357C000D0134157C0020017B51EA14
:1021400001C2356B00A001C0377C00370064377CCA
:10215000003700AE357C270F012051EA017D356B39
:1021600000920174377C100000C0026BFDFF008AF2
:1021700051EA017A51EA01D3376A0120006042AA8C
:1021800001264CDF09104E7540E746EA0030357CE9
:10219000000D0134157C000001D44A2A012D67008E
:1021A0000038357C0007013460000022302B008E9F
:1021B000080000006616302800020800000B660CBC
:1021C000377C004000C0006B04000088377C004072
:1021D00000C0256A0100019646DF42416000FFA46D
:1021E00048E70090266A0000323C00CB40E746EA10
:1021F0000030202A00966600002C46DF003C0001DB
:102200004CDF09004E7546DF026AF7FF0120026AC3
:10221000FEFF0120376A01200060357C0005013493
:102220006000FFDE20400C6A0001009A660000CCCE
:10223000082800000003670000C20C2A0023017B6D
:102240006700FFC42F08202A009C204008280000B7
:102250000000670E206800060828000000006702E2
:10226000200825400140205F357C00100134256A9C
:1022700000CA01440C2A0022017B66226100223838
:10228000068000000546222A015C92806A00000C4C
:10229000256A015C0144600000062540014435695F
:1022A0000008000846DF4A6A00086700FF5C203C1F
:1022B0008000005961001DAA40E7256A00CA014458
:1022C0000C2A0022017B6622610021EC06800000BE
:1022D0000546222A015C92806A00000C256A015C96
:1022E0000144600000062540014444DF6400FF1AF9
:1022F0004A6A000866B86000FF040C2A0020017BCF
:102300006700FF040C2A0021017B6700FEFA266AA1
:102310000000377C001000C0357C000501346000EF
:10232000FF4E48E73090206A0096266A0000302869
:1023300000020800000B670E323C0600E95802005C
:10234000000F66000208202D000C08280000000382
:1023500066204A680010671A2568000600B22568E2
:10236000000A00A83568001000AC42AA00AE202A7E
:1023700000B2610024B63768000400C43568000468
:10238000019210280034040000160C0000036F02B4
:1023900057003740000635400194242800122002DF
:1023A0000880001025400180E288274000020828AC
:1023B000000300026706D0402740000251EA017C7A
:1023C00042AA017051EA017F50EA012E426A016C73
:1023D00051EA017E2568002600F6202800162228F2
:1023E000001A61001CB26500016421400016214101
:1023F000001A254000E6254100EA2568001E00EE8F
:102400002568002200F24A2A00E067000030102A06
:1024100000F737400066102A00F837400068102A9D
:1024200000F93740006A202A00EE222A00F26100FB
:102430001D9A377C002C00C251EA012E377C002007
:1024400000C2357CFFFF014851EA01CE157C000334
:1024500001D0302800020800000B660000FA262D8B
:1024600000142543010066000018357C0001009A25
:10247000302A01840040002C374000C6600000383C
:102480006A120883001F254300CE357C0002009AA3
:10249000600000180C837FFFFFFF6608357C000397
:1024A000009A6006357C0004009A302A01840040BE
:1024B0000028374000C642AA010442AA0108426A25
:1024C000016E157C0020017B51E9003050E900319C
:1024D00051EA012C422A012F42AA0126216A010059
:1024E000002A42AA00AE257CFFFFFFFF0196426A48
:1024F000012A257CFFFFFFFF0130422A01CD610048
:102500002426377C100000C0026BFDFF008A51EAD0
:1025100001D1357C000F01344A6B006251EA01C2DF
:10252000356B00A001C00C6A0002009A6718377C66
:1025300000370064377C003700AE357CF7CF0120D0
:10254000376A012000604CDF090C4E7542AA0096E4
:10255000003C000160F0357C0003009A42AA0100B3
:10256000302A018400400018374000C66000FF4850
:1025700040E746EA003048E700904AAA0096670024
:1025800000D82069002C2668005E0C82FFFFFFFF48
:10259000671A256A01100114206A01142748008671
:1025A0002142000E50EA00C950EB003B51EA012CD9
:1025B000206A01140C68000400126700009248E7CA
:1025C00000804A2B0070660C206B00080828000071
:1025D000000366184CDF0100317C000200120C82FF
:1025E000FFFFFFFF671C50E900306016206A00966D
:1025F00008280000000367DC4CDF0100317C000389
:1026000000124A2A00C86600005A0C2A0008017B02
:10261000670000500C2A0020017B670000460C2A4E
:102620000023017B6700003C222A011C6100195A2B
:102630002140000AD28092AA011821410006D2A8A6
:10264000000E214100024268000050EA012C4CDFDC
:10265000090046DF42414E75323C00CB003C000190
:1026600060EC317C0001000060E448E70490266AD9
:10267000000040C540E746EA0030202A0096670087
:1026800000A4610021926500009C6100229A422A08
:10269000012F422A012D357C000F0134376D000EC9
:1026A00000C4356D000E0192157C0020017B51EABB
:1026B00001C2356B00A001C0257CFFFFFFFF019622
:1026C000377C00370064377C003700AE4AAD00101D
:1026D000675C4A2D00176756242D00100282FFFE0A
:1026E000FFFEE28A27420002242D001025420180CD
:1026F00020280016222A018E6100199C254100EA3B
:10270000254000E64280222A018661001ABE42402E
:10271000102D0017040000160C0000076D02570072
:1027200037400006424146DF4CDF09204E75377CBA
:10273000020000C060EE2E29005E9E8A0C40010A55
:102740006700F94A0C400114670003060C40010EB3
:102750006700FBD00C4001176700FE160C40010219
:102760006700039A0C4001016700008C0C400109CE
:10277000670001380C400107670000C60C400112D9
:10278000670002920C40010B670001AA0C40010097
:102790006700F7740C40010D6700FA460C40010613
:1027A0006700F8A20C40010C6700019A0C40010F71
:1027B000670001CA0C400108670000980C40011333
:1027C0006700028A0C4001056700F7A60C4001046F
:1027D000670000520C4001116700FE900C40011090
:1027E000670001F00C400116670000BC323C00D0CD
:1027F000003C00014E7540E746EA0030202A009672
:10280000671C48E700902040266A000050EA017EDD
:10281000256D000C00F661001BB44CDF090046DF9B
:1028200042414E7548E740F0222D000C226D0020F9
:10283000266D00246100160242414CDF0F024E75E6
:102840002F0B266A0000377C010000C24CDF080015
:102850004E7548E72080142D00170C0200176D3CC0
:102860000C02001E6E360C02001A6D060C02001CD3
:102870006D2A242D00106100024E242D0010202806
:1028800000162228001A6100180E65082140001663
:102890002141001A42414CDF01044E75323C0600D2
:1028A000003C000160F042414E7548E7009040E76F
:1028B00046EA0030202A0096660A46DF4CDF09000F
:1028C00042414E752040256D000C00B2256D001070
:1028D00000AE4A6A00AC66E2356D001600AC202AF4
:1028E00000AE254000A842AA00AEB0AA00BE620019
:1028F000FFCA266A00006100202E42AA0126422A51
:10290000012F422A012D257CFFFFFFFF0196157C38
:102910000020017B51EA01C2356B00A001C0357C6B
:10292000000F01344A6B0062202A00B261001EFCD5
:102930006000FF882F0B266A0000377C014000C230
:10294000265F4E7548E7009040E746EA0030202AAF
:1029500000966700001E2040266A0000256D000CCE
:1029600000EE4A2D0017660661001A6260046100DD
:102970001A7A46DF42414CDF09004E7548E7009065
:1029800040E746EA0030202A0096670000302040E9
:10299000266A00004A2D0017660C256D000C00F217
:1029A00061001A2A6016222D000C610017E06500F4
:1029B0000016256D000C00F261001A3046DF42411E
:1029C0004CDF09004E7546DF323C0600003C00013A
:1029D00060EE2F0B266A000061001F4C377C200040
:1029E00000C0006B0200008A4A6B0062302B00625C
:1029F0000800000B660870014E40000A60EE302BA4
:102A000000620800000B660870014E40000A60EE8C
:102A1000265F4E7548E72090266A0000202A00961F
:102A200067000014204050EA017E610019A0377C45
:102A3000042000C26006377C022000C24CDF09047B
:102A40004E75323C0600003C000160F042414E757C
:102A500048E720906100007040E746EA0030242AF1
:102A60000180B1EA0096670424280012202D00108E
:102A7000222D000C6100162065000040B1EA00968E
:102A8000662A4AAA00966724266A0000254000E6C6
:102A9000254100EA4A2D0017670E6100165E6500A9
:102AA000001A610019466004610019222B41000CD4
:102AB00046DF42414CDF09044E7546DF323C0600DA
:102AC000003C000160EE48E7E040342D000A42403F
:102AD00010290082226A0032323C0010B2426C0A95
:102AE000226900000641001060F253420242000FCA
:102AF000C4C041F120704CDF02074E7548E71E82CA
:102B0000262D00142C2A010040C540E746EA00307B
:102B1000202A00966700006A2040322A009A53411A
:102B2000E7894A83671254814A836D0C54810C8370
:102B30007FFFFFFF670254810C6A0002009A66164D
:102B40000C2A0020017B670E0803001F66080C6A30
:102B5000000F01346624282D0024266A00004DFA57
:102B6000FFFEDCFB102C4E96651A256D001401004B
:102B700046DF42414CDF41784E75323C00FA60043A
:102B8000323C00CB46DF25460100003C000160E4FA
:102B90000052009E00EE01540220007A01E202027F
:102BA0000298009A007201500298009E00EA0058B4
:102BB000610002764E75610002704A2A00C8660EF6
:102BC00025430196534306430020374300C04E750A
:102BD0004241610002544E75257CFFFFFFFF0196C4
:102BE0000883001F254300CE558396AA01586D0225
:102BF0004283254301584E75600000020C2A0020D4
:102C0000017B670C0C2A0021017B670461001C0812
:102C1000357C000F0134157C0008017B026AFECF71
:102C20000120376A01200060257CFFFFFFFF01962D
:102C3000257CFFFFFFFF01300883001F254300CEE6
:102C4000357C0002009A4E7560000028422A01CDB2
:102C50000C2A0022017B661A157C000E017B6100A4
:102C60001856254000CA2540011C6100131C254050
:102C70000118610001B40C2A0023017B67000022C7
:102C80000CAAFFFFFFFF0196670E61001B8A357CCF
:102C9000000F013425430196357C0003009A4E75E0
:102CA0000CAA0000000001966FEE6000FFDE6000DD
:102CB0000028422A01CD0C2A0022017B661A157CCD
:102CC000000E017B610017F0254000CA2540011C61
:102CD000610012B6254001186100014E4A2A00C861
:102CE00066360C2A0020017B672E0C2A0021017B0E
:102CF00067260C2A0023017B6738323C00200CAA8F
:102D0000FFFFFFFF01966604323C00082543019651
:102D10005343D641374300C0006A01000120376A9F
:102D200001200060357C0004009A357C000F0134DE
:102D30004E750CAA0000000001966FDC6000FFBC1D
:102D4000357C0003009A422A01CD4A2A00C9670057
:102D500000342F0274FF6100F818241F6000002661
:102D6000357C0004009A422A01CD4A2A00C9670036
:102D700000142F0274FF6100F7F8241F6006357CF1
:102D80000001009A202D000C61001AA0257CFFFF95
:102D9000FFFF019661001B90377C000000604A6BCA
:102DA0000062422A012D0828000000036712323C0D
:102DB00006004A846700003A6100106242AA00D20D
:102DC000157C0020017B357C000F0134377C0037F7
:102DD0000064377C003700AE357C370F0120376A3E
:102DE0000120006051EA01C2356B00A001C04E75A0
:102DF000003C000160F8610000300C2A0020017BDB
:102E0000670C0C2A0021017B6704610014C4006A6E
:102E100001000120376A01200060357C0001009A22
:102E2000357C000F01344E75424108280000000334
:102E3000670E4A84670A4AA900506604254400D2F6
:102E40004E75302B006248E701002E3C0000008EDA
:102E5000C06A0120670000F448E73E400800000314
:102E6000670450EA01D14A2A01D266284A2A01D1D0
:102E70006700003C080000056700003450EA01D2FA
:102E8000342A01200242FFFB374200603542012014
:102E90006000001C342B00A4671451EA01D2342ACC
:102EA00001200042000437420060354201203540D5
:102EB0000136426A013C226A008E206A0096322B5B
:102EC00000880241004267060800000D670C50EAC6
:102ED000012E0C402000670000644A2A00FF6600B3
:102EE000005C302B00E60C40DF806A06006BFF8040
:102EF00000E60CAAFFFFFFFF01966606376A017421
:102F0000009261000050610009AC6100021E0C6A71
:102F1000000C01346700001C610000E4610009EE50
:102F200061000C06610013EC4A6A016C67046100E1
:102F300014D061000D68376A01200060023CFFFE7A
:102F40004CDF027C4CDF00804E75003C00014CDF02
:102F500000804E75102A017B0C00002067220C00B7
:102F60000021671C0C0000226716222A01966626A3
:102F70000C000023670E322A01360241110067045B
:102F80006100101A4E750000006E00490037002CD9
:102F90000024001F001B0C81FFFFFFFF67E64A8132
:102FA0006BDE0C81000000086E000012D201303B85
:102FB00010D448C0D1AA00CA91AA0166322A0136AB
:102FC000080100026700FFBE202A0166D1AA00CADC
:102FD000302B00A8E44848C025400166522A01CDA4
:102FE0000C2A000401CD6D12302B00A848C002400D
:102FF0000003D1AA00CA422A01CD6000FF880C6AF2
:10300000000A0134670000EC4A2A00DE660E0C2A32
:103010000021017B6600003C610003D44E750C6A00
:103020000004009A66F66100148E90AA00CA6F0030
:10303000FFECD080D08080EB00AA0C4000016F0034
:10304000FFDCC0EB00AA02407FFF374000AC60000D
:10305000FFCC0C2A0022017B6600FFC2202A015C03
:103060000680000000E00680000001C2B0AA00CA8D
:103070006D00FFAC048000000384B0AA00CA6C009D
:10308000FF9E4AAA019666000018302B009E48C099
:103090006A0244800C4000106E00FF826000003025
:1030A000202A00CA0280000FFFFF322B00A00281FD
:1030B00000007FFFEB8992806A024481302B00A4DC
:1030C0005340C0EB00A8E48090816F00FF50157C56
:1030D000000E017B4A2A00C967142F0B266A0114CF
:1030E0000C6B000400126704426B0000265F600056
:1030F000FF2C322A0136080100086700FF20202A31
:1031000001586F0861000B4C6000FF12376A0176AE
:103110000092322A0178836A0136026AFEFF01209A
:10312000026AFEFF01366000FEF448E728000C6AE0
:10313000000A0134670001DC322A01360828000049
:1031400000036600003C0801000867000034302AD4
:1031500001486B2C536A01480C6A00000148662044
:103160004A6A00AC661461000C10006A0010013C51
:10317000006A0010016E6000019A006A00280136A2
:10318000024101106700018C026AFFEF012061001B
:103190000A220C2A0023017B660E610004184AAA49
:1031A00001266700016E60244AAA012667000164B7
:1031B0000C2A0020017B6610610005340C2A0020D7
:1031C000017B6700014E6004610005F6242A015C62
:1031D0000C6A0002009A670000BA0C6A0010013401
:1031E000670000B02F08206A012261000E2422002F
:1031F00092826A0244810C8100003D866D0E90AA85
:103200000104256A01080104D0AA01040C2A002245
:10321000017B66000010223C000009142400205F9E
:1032200060000070428104800000012C280098AAF0
:1032300000CA0C840000012C6E00002C0C84FFFFDF
:10324000EC786D000022240006820000012C06812B
:1032500000000914D0FC0914B2AA01266C08610010
:103260000DB06000FFC2B2AA01266F04222A012617
:10327000205F25410126661A4AAA00D26700009401
:103280000C6A0001009A6700008A257C000009147E
:1032900001264A2A00DE6600006A302B005E080024
:1032A000000D6700006E42402F0808280000000350
:1032B0006716206A009C4AA80012670C08280007BD
:1032C0000000670461000B72205F61000070302B0A
:1032D000008C08000007662A0800000666240C6BB4
:1032E000000000A4671C0800000E660C302B00A034
:1032F000B06A01C06602600A50EA01C2356B00A0E4
:1033000001C02542015C206A00966100130442AAB4
:1033100001264CDF00144E754A2A00C9671C2F088D
:10332000206A01144A2900306706426800186004C8
:103330004268001651E90031205F4E7548E7208051
:10334000206A012248E724402A2A01269AAA00A0DE
:103350004A856F0000784AAA00A066260C85000006
:1033600009146C106100147E61000498334200045B
:103370006000005A6100048C04850000091460009C
:10338000FFD02005D0AA00A00C80000009146D2AEF
:10339000203C0000091490AA00A0610015F4D1EAB5
:1033A00000A0610011A29A80D0C008050000670249
:1033B000528542AA00A06000FF982005610015D246
:1033C000610011844285D0C042AA00A0026A7E3FFB
:1033D000016E4CDF02244A2A012D660A0C6B0002A2
:1033E00000A45CEA012D42014CDF01044E750C6A19
:1033F0000002009A670000FA0C6A0003009A670056
:103400000076610010B20480000001C2B0AA00CAB8
:103410006C0000DC222A01000C817FFFFFFF6700A7
:1034200000CE0C810000000067105341302A018457
:1034300000400028374000C66018302A0184004050
:10344000002C374000C6302B00A8E44848C0254077
:10345000016600410008374100C0377C0000009E33
:10346000256A01000196157C000E017B006A002090
:1034700001206000007A4A2A012D670000720C6A60
:10348000000D013467166100102EB0AA00CA6C004E
:10349000005E157C000E017B60000054302B00A8FC
:1034A00048C0E480D1AA00CA157C0022017B006AD2
:1034B00000200120526B00A4357C00070134302A23
:1034C0000184082800030002670600400018600419
:1034D00000400028374000C6256A01000196026BB3
:1034E000FFFC0088006B22020088536B00A44E751D
:1034F0004A2A017A6600002C302A01360800000AA8
:10350000660A0C6B000300A46D00FFE4302A0184FE
:1035100000400028374000C6377C000800C050EA51
:10352000017A302A01360240000F6700FFC2377C63
:10353000008000C0356B00900176426A0178302B24
:103540000000080000006706006A0001017808001A
:1035500000016706006A00020178080000036706A0
:10356000006A00080178006A000401784AAA013064
:103570006B22202A00CED0AA013090AE00546B14EA
:10358000026AFFF00136357C000A0134610006C48E
:103590006000FF5C376A01760092302A0178816A08
:1035A000013613FC00080000017B026AFEFF0120C7
:1035B0006000FF3C48E720D00828000000036700B7
:1035C000005E082A000001366700002E536A013EA3
:1035D0006626206A009C202A00E26A0220082668EB
:1035E0000006B08B670C082B000000006704204B1E
:1035F00060EC2068000A601C202A00E26B0000EAF0
:103600002240082900000000670000DE2069000A4F
:10361000226A008E157C0022017B4242600C157CE0
:10362000000E017B4242206A01224A2A00DE660027
:1036300000AA266A0000222A01000C817FFFFFFFFA
:10364000670000980C810000000067000014302A19
:10365000018400400028374000C653416000001A32
:10366000302A01840040002C374000C6302B00A8CF
:10367000E44848C0254001660CAAFFFFFFFF019601
:10368000660A157C0021017B600000564A416600F5
:10369000003C00410020374100C0377C000100ACF5
:1036A00061000E1490AA00CA6F000030D080D08054
:1036B00080EB00AA0C4000016F000020C0EB00AAC4
:1036C00002407FFF374000AC600000100041002046
:1036D000374100C0377C0000009E256A010001963A
:1036E000266A01146100016C4CDF0B044E7548E73B
:1036F0002090266A0114206A01224A2A00C9661411
:103700006100015060000034256A00CA015C4CDF92
:1037100009044E750C6B000400126600007E4A29F5
:10372000003067284A6B00166700FFDE377C000216
:103730000012206A01226100011A50EA012C157C56
:103740000021017B6100FBD26000FFBE4A6B0000DC
:103750006600FFB66100083225400118D0AB0006B4
:1037600090AB000A254000CA2540011C206A009643
:103770000828000000036600FFC2206A01226100E1
:103780000890B0AB00066C00FFB2357C000C013431
:10379000357C0600012A6000FF704A6B000067005C
:1037A000FFB40C6B00030012660850E900306000A3
:1037B000FF820C6B000200126600FF4E6000FF7477
:1037C0004A2A00C967224A2A012C661E48E700904F
:1037D000266A01144A6B0000670A206A01224242ED
:1037E000610000704CDF09004E750C6A0001009A00
:1037F00067F62F0B266A0114276A00CA0006265FA7
:1038000060E620050C80000009146F04303C0914A8
:1038100061001050323C00050440000C375800DEB7
:1038200051C9FFFA0C2A0022017B6712222A00CA22
:10383000EA89D26B009C0881000F37410098610033
:103840000D0690FC000C610010BED0FC000CD0C036
:103850004E750C2A0020017B67122F08206A009603
:103860000828000000034CDF01006706610007A282
:103870006004202A00CA254000CA2540011C6100BE
:103880000708254001184A2A00C967086100000896
:1038900050EA012C4E75202A00CA27400006D0AB02
:1038A000000E27400002610006E02740000A426B3C
:1038B00000004E75322A013608010005670C006AC7
:1038C0000100013C006A0100016E0801000A670C5A
:1038D000006A0040013C006A0040016E08010009D6
:1038E00067164A6B00A4670450EA012D006A008045
:1038F000013C006A0080016E0241C000670C006A52
:103900000001013C006A8000016E4E7548E720808E
:103910000C6A000C0134670001F8322A01360241BA
:103920000007670001F2357CFFFF01480C6A0003C5
:10393000009A6616522A01D40C2A000201D46D0A9C
:10394000026AFFF00136600001CE08010000670442
:1039500051EA01D10C6A0002009A670A356B0056E1
:10396000019460000008356B000601940801000016
:10397000670C42AA017061000B20114000340C6AF0
:103980000002009A6706202B00526004202B0002E0
:10399000D0800828000300026702E2482540018029
:1039A00050EA017C026AFDE1016E4AAA01966B06AB
:1039B0000801000167220C6A0002009A6706202BAA
:1039C00000586004202B00080800000B56E8003562
:1039D000610008CC2140002E7401302B00AC6B0A32
:1039E000322B00AA5202904162FA114200370C6A4F
:1039F0000002009A6706302B005C6004302B000C3C
:103A000011400036022800030036E44831400032FD
:103A1000256E005401300C6A0001009A67220C6A7E
:103A20000004009A671A0C6A0002009A660C157C62
:103A30000008017B026AFEFF0120357C000F013483
:103A40004A2A012F670000CA0C6B000100A46E0017
:103A500000C0302A013608000003670000B4006A85
:103A60000010013C006A0010016E4A6A00AC670059
:103A7000009C4A2A00DE6606377C018000C0026A8C
:103A8000FFDF01204AAA00AE6714256A00AE00A835
:103A900042AA00AE3568001000AC526A00AC536A0E
:103AA00000AC316A00AC0010670000624A2A00C90D
:103AB0006700003251EA012C50E900312F08206ADA
:103AC00001144A2900306708317C000100186006A3
:103AD000317C00010016317C00010000317C0004C3
:103AE0000012205F202A00B261000D4051EA012F30
:103AF000357C000F0134422A012D157C0020017B0A
:103B000051EA01C2356B00A001C060046100026A85
:103B10004CDF01044E7508280000000366F24A6A73
:103B200001486AEC6000FF2C302A01340C40001080
:103B30006600005E2F08206A01400828000000008F
:103B40004CDF01006600006A302B005E0800000DAB
:103B50006700005E6100096090AA01446900000AE4
:103B60006B00004E600000066A000046357C0005D0
:103B700001340C2A0020017B670000260C2A00215A
:103B8000017B6700001C377C001000C06000002231
:103B90000C400005661A302A01360800000C671038
:103BA000302A0008426A0008323C0001610001BC72
:103BB0004E7548E700804AAA012666000090082852
:103BC0000000000367000040302A01340C40001060
:103BD0006610206A014010280000080000006700FD
:103BE000006C202A009C6700006420401028000020
:103BF00008000000670000562028000A223C000050
:103C00000914600000404A2A012F66000040202A63
:103C100000BE2200D0AA00B6254001220C6A000294
:103C2000009A67064A6A00AC660692AA00BA600467
:103C300092AA00A844810C81000024506F06223C07
:103C40000000245025400122254101264CDF0100BF
:103C50004E752F01026BFEFF00600C800000021009
:103C60006F1004800000021025400158323C74039C
:103C7000601842AA0158320002410003E448C0FC27
:103C800000E1C2FC0038D240534137410064374163
:103C900000AE006A01000120221F4E7548E7208017
:103CA000322A013608010005670C006A0100013C58
:103CB000006A0100016E08010003670C006A001031
:103CC000013C006A0010016E08010000671642AA5C
:103CD000017051EA017F006A000E013C006A000E8B
:103CE000016E602608010001670E006A0006013CB3
:103CF000006A0006016E601208010002670C006A8B
:103D00000002013C006A0002016E302A013CC069D9
:103D1000002A671432003429002A0242F800824245
:103D20003029004A610000442029004C67362040B9
:103D3000322800020C6A0008013467140C6A000C77
:103D40000134661A316A012A0002006A8001016E9C
:103D5000006A0001016E3029004A6100000E316ADC
:103D6000016E00004CDF01044E754A4167084A406D
:103D700067044E4000084E75357C20000120376AEC
:103D800001200060257CFFFFFFFF01964A6B006267
:103D9000377C001000C04A2A00C96700004448E789
:103DA00000502269002C42A9002C2669005E51EBCC
:103DB000003B42AB00864CDF0A0042A9002C51E9CF
:103DC000003051EA00FF51EA00C942AA01142F084D
:103DD000206A0110303C0007429851C8FFFC205F68
:103DE0002F0B266A009642AB000642AB000A426BDC
:103DF000000E426B0010265F42AA00B6426A00AC79
:103E000042AA00A842AA0096357C00080134157C1D
:103E10000008017B357C0000009A4E752F08202990
:103E20000050670C204021690054000642A9005050
:103E30002544009C205F4E7548E7FCFC0C400104C3
:103E40006730302800020800000067000130206A57
:103E5000009C0828000700006700012220280012AB
:103E60006700011A22402668000A247C0000091419
:103E70006004244BD5C14A6900066700010020296F
:103E8000000004800000001A49E9001A2A49DAE912
:103E900000083A2900080445001A9045670000DE32
:103EA000E24D670000D85345381C6700003248E7F0
:103EB0000C003A3C000F4A690006670000C60C403F
:103EC00000006F0000BEE34C640460000020D7FCDB
:103ED0000000091451CDFFE04CDF00306006D7FC34
:103EE0000000914051CDFFC260000092536900066E
:103EF00048E78C143A3C01261829000448848AC4F7
:103F000097FC0000001855450C29000200046708C2
:103F10000295000000FF600402550FFF381D670086
:103F2000003A48E7001034040C2900020004670836
:103F3000E94C0242F0006006E54C0242C000670C0A
:103F4000B7CA6E00003826BC000001B4D7FC0000E0
:103F500000044A8466D04CDF080018290004C8FC1D
:103F60000010D7C451CDFFB64CDF2831DBFC000078
:103F700001260480000001266000FF544CDF3F3F13
:103F80004E754CDF003060F42F0B266A015430135D
:103F90004840302B0002E288265F4E754AAA015441
:103FA00067166100FFE490AA0118D0AA011CE388FB
:103FB000E280254000CA4E7506AA000000E000CA53
:103FC00060F448E7E00042811210020100F1D08065
:103FD000D080640408C10003D080640408C10002DA
:103FE000340008C20000D080640408C100014840C9
:103FF00008C0000011420004E08A11420003114091
:104000000002E0881140000110814CDF00074E756E
:104010002F014FEFFFFA1F68000400011F68000521
:1040200000021F68000600031F68000700041F68E5
:1040300000080005302F0002E2484840302F0004FD
:10404000E4884281122F00010201000EE89980816C
:10405000E280D0AA01044FEF00064CDF00024E754B
:104060004E40000A6526082C0001001C661E323CEA
:1040700000F64A8067164A6A0008670E322C00264E
:1040800067DE0C410020650460D64E75426A000868
:10409000003C000160F448E730004A416714B24236
:1040A0006C00004E4A416A0AD0416B000044424114
:1040B000600A3601D64096426F029043484048411C
:1040C00048424A416712B2426C264A416A0AD041CC
:1040D0006B00001E4241600A3601D64096426F02D4
:1040E000904348414840023CFFFE4CDF000C4E75B7
:1040F000323C0600003C000160F048E7E000222A64
:1041000000EA202A00E6362A018C34009642380361
:104110006A0244430C4300206C00006C362A019074
:104120003401944336026A0244420C4200206C007F
:104130000056D6446A0244430C4300206C000048F9
:1041400048404841362A018A3400964238036A02C0
:1041500044430C4300206C00002E362A018E3401AB
:10416000944336026A0244420C4200206C0000185C
:10417000D6446A0244430C4300206C00000A4241CA
:104180004CDF00074E75003C000160F448E7E0009A
:10419000262A00F248432401484296426A024443D8
:1041A0000C4300206C00001E262A00F234019443C8
:1041B0006A0244420C4200206C00000A42414CDF7B
:1041C00000074E75003C000160F448E738000C6AB7
:1041D0000008016C67086100FF22650000B8282A0A
:1041E00000EA262A00E62144001A2143001625444D
:1041F000018E2543018A2401D240D26A018C6D00D0
:104200000094D440B46A013A6C00008A22024A4108
:104210006A08D641984142414242D443946A013AE5
:104220006D02964235410188484348444840484120
:104230002401D240D26A018A6D00005AD440B46A87
:1042400001386C00005022024A416A08D641984168
:1042500042414242D443946A01386D02964235414C
:104260000186203CFFFEFFFEC280E28927410074E8
:10427000C680E28B4A43670648434A43660276019A
:10428000484327430078C880E28C2744007C4CDFF9
:10429000001C4E75323C0600003C000160F04840B6
:1042A0004FEFFFFC22000200003F1F4000033001DF
:1042B000EC481F400002484130010200003F1F400F
:1042C00000013001EC480240001F1E80201F4E7587
:1042D00048E70050157C0023017B082800000003FC
:1042E0006724357C0191013E226A009C2649082BF7
:1042F000000000006716266B0006B7C966F0257C33
:10430000FFFFFFFF00E24CDF0A004E75254B00E285
:1043100060F44AAA01706600001C202B0002D080C5
:104320000828000300026702E248B0AA018067047F
:10433000254001704A2A017F6618302A0194020044
:10434000000F322B00060201000FB001670450EA93
:10435000017F4A2A017C670C342A013608020003D7
:1043600067000068202A0170660C4A2A017F6700F6
:10437000005A202A0180322A016E02410200664A58
:10438000006A0200013C006A0200016E2140001236
:104390002540018048E7E0002400202A00E6222A88
:1043A00000EA6100FCF2640442814280254000E69C
:1043B000254100EA4CDF0007357C0008016C50EA1B
:1043C000017C610000D4114000344E752F02342A64
:1043D000016C660E357C0008016C61000024241F0E
:1043E0004E75357C0008016C60F42F02342A016C94
:1043F000660A357C000C016C61000006241F4E75B6
:1044000048E7C0004A2A012E67000088342A016C60
:104410000C42000C6700002A4A4267000030322B31
:1044200000880801000567180828000300026610CC
:10443000322B00AC6F00005CB26B00AA6E0000541F
:10444000202A00EE222A00F26100FD804A2A017E25
:1044500066084A426700003C602C322B00AC6F2695
:10446000B26B00AA6E200042000851EA017E102AB9
:1044700000F737400066102A00F837400068102A1D
:1044800000F93740006A374200C2426A016C51EAC3
:10449000012E4CDF00034E75302A01940200000FFC
:1044A000670E060000160C0000196F0256004E75CC
:1044B000103C00FF60F848E76000322B008C0801D8
:1044C000000766000076080100066600006E0C6BAF
:1044D000000000A4670000640801000E670000549B
:1044E0004280302B00A0EB88242A00CA22020282DC
:1044F000FFF00000808292806C0000240C81FFFF9E
:1045000050386E000008048000100000322B00A418
:10451000C2EB00A8E48990814CDF00064E750C8147
:104520000000AFC86D00FFE60680001000006000CC
:10453000FFDC4A2A01C26600FFA8202A00CA0680C2
:1045400000015F9060D248E7B8400C4000646F0003
:10455000008A2800226A014C08290003000066F83E
:10456000137C00FF00002348000CE24C3344000A97
:10457000137C00040006137C00120005137C00303D
:104580000004137C00800007377C800000C0323CB0
:1045900003E8082900030000670A51C9FFF64241F9
:1045A0006000001A4241122900010829000400009D
:1045B000660A023CFFFE4CDF021D4E75137C0010A4
:1045C000000743FA0028E34935711000012A357CC1
:1045D000000C0134003C000160DCE24867D8534025
:1045E000375800DE51C8FFFA424060CA00F600F4B6
:1045F00000F400F400F400F400F400F400F40066A9
:10460000006600F400F400F400F400F400F400028A
:1046100048E7201040E70828000000036700012455
:10462000266A009C40E7242B000644DF650000C298
:104630004AAA00A4670653AA00A4600442AA00A0E4
:104640004AAA00E26A04254B00E24AA9005066002B
:104650000094222A00D2670000B00C6A0004009A7D
:104660006700006C0C6A0003009A67000062102A61
:10467000017B0C00000E670E0C00002067080C0088
:1046800000216600008440E7007C07002F08204BD3
:10469000082800000000671C2068000608280000A9
:1046A000000067102068000608280000000067046A
:1046B000206800062348005023680006005421416A
:1046C000000642AA00D2205F46DF6000003C234B78
:1046D0000050236B000600542741000642AA00D276
:1046E00060000026B7E90050661E006A0020013C09
:1046F00020290050670000362F0B26402769005400
:10470000000642A90050265F4A2A00DE6600002605
:1047100042AB0018177C00000000322B0004670831
:104720003029004A6100F6442542009C46DF4CDFF8
:1047300008044E75082B000000006600FFD46000DE
:10474000FFEC202A0126D1AA00BE4A6A00AC670EFF
:10475000202A00BEB0AA00A864106000FFD0202A62
:1047600000BEB0AA00BA6D00FFC4357C00640148E9
:1047700050EA012F4A2A00DE6600FFB2377C0000B3
:1047800000DE377C01BA00DE2F08206A0122D0FC4F
:104790000004375800DE375800DE375800DE37583F
:1047A00000DE205F222A00CAEA89D26B009C0881C1
:1047B000000F37410098377C000000DE302A01925C
:1047C000004001E0374000DE377C000600DE377C29
:1047D0000F0000DE377C000100DE377CB70000DE12
:1047E0006000FF4A48E7C080524508850000300558
:1047F0002248323C000CD2C19041342900045D4073
:10480000B0426F08904243F1200660EE334000044E
:104810004CDF01034E75377C001000C0357C00056D
:104820000134256A00CA01444E7542AA00BE42AA5C
:1048300000A042AA00A422006726428180FC09143D
:10484000320042404840254000A0082800000003F4
:104850006706254100A46008C2FC0914254100BE7A
:104860004E7548E720C043EA019A4251242A0104C8
:104870006700008E48E7C01026484281303C000C9B
:104880000C4009146C00007612330003020100F0A2
:104890000C0100E0671012330004E14912330005F7
:1048A000D0415C4060DA2F005C40123300006A04A3
:1048B000524060F6020100C00C0100406602544004
:1048C00012330000020100F00C41003067080C4177
:1048D000002066225B8041F300010880000032C0A6
:1048E00032F3000422F3000642516100F72441E84C
:1048F00000046100F6CE201F6000FF9C4CDF08031F
:104900004CDF03044E7548E7804043EA019A3019B2
:10491000670E08800000319900042199000660EEBE
:104920004CDF02014E7548E7E000343C0005026BA5
:104930003FFF0088302B008E080000036700002036
:104940000800000C66000018302B00E2B06B00E09D
:104950006700000C70024E40000A51CAFFD2302B93
:10496000009235400174377C010000C0322B008872
:1049700051EA017C422A012D257CFFFFFFFF0196B1
:1049800037400092026BDFFF00884CDF00074E7556
:1049900048E77C403A00202A00A0203C0000000CA0
:1049A0004281D07C000412300000E1891230000105
:1049B0005480D240B2AA00A06204300160E45D409D
:1049C00048E7800012300003020100E00C0100E023
:1049D0006600017C43EA019A323C000512F00000B7
:1049E000524051C9FFF842817406123000006A0833
:1049F00012C15240520260F2020100C00C0100409C
:104A0000660C12F0000012F0000154405402123003
:104A10000000020100F06700013651C40C010030B3
:104A2000660850C45A02123C0025154201BF5A02C2
:104A3000426A01BC154201BD154201BE0401001CC1
:104A400012F00000524051C9FFF808AA000001BD51
:104A5000670812BC0000546A01BC4CDF0001220050
:104A6000D22A01BEB2AA00A0660251C4222A00A026
:104A700008AA000000A3670452455341080500003E
:104A80006704524553419240926A01BC936A019E69
:104A9000DA6A01BCBA6A019E6C043545019E9A6AC5
:104AA00001BC4A046700006A4282D02A01BE48E77E
:104AB00000C02248D3EA00A0D1C0B3C86F280C5868
:104AC00000016EF64A68FFFE67144A28FFFD66EA99
:104AD0004A1066E64281322B00A8D48160DC0C507B
:104AE000010066D660EE4CDF03004A8267000022B8
:104AF00042832F0841EA0196162A01BFD0C3610004
:104B0000F510E48AD08241E800046100F4B6205F29
:104B10002F08323C0005375800DE51C9FFFA205FEC
:104B2000222A00CAEA89D26B009C0881000F374113
:104B3000009843EA019A322A01BCE24953413759AD
:104B400000DE51C9FFFA30054CDF023E4E754CDFE6
:104B50000001DAAA00A042AA00A00805000067022E
:104B600052456000FFE248E740C04A2A01CE670094
:104B700000A451EA01CE226A0122D3FC0000000CFD
:104B80005A8952890C1100FF67F812110201004086
:104B9000671012BC00FF137C00FF0001D3FC000073
:104BA00000021211020100F00C010020671C0C0130
:104BB00000306600002E12FC00FF12FC00FF12FC09
:104BC00000FF12FC00FF12FC00FF12FC000F12FCA1
:104BD000000012FC000012FC000112FC000060004A
:104BE000004E377C000000DE303C01E0806A01921C
:104BF000374000DE377C000600DE377CFF0F00DE2A
:104C0000377C000000DE377C010000DE536B00A41F
:104C10006000001C226A0122D3FC000009100C91E4
:104C200000000100660850EA01CE59AA01264CDFB7
:104C300003024E7548E78080302A013602400001A9
:104C40006700000C532A01D0660000044E404CDF80
:104C500001014E75666D766472760000000E5E0F7F
:104C60004AFC0001000000DA00000000000000CC57
:104C700005550201A0000001000000000000000036
:104C800000000000000000000000000000001241D1
:104C90000000003C000000000000000048E7C010D9
:104CA00040E746FC2700267C00E03000377C00000F
:104CB0000022377C00800024377C00010022377CF2
:104CC0000097002461000054B2BC007FFFFF66041F
:104CD000D23C0001E2894280377C00070022484133
:104CE000100137400024377C00070022E1991001B1
:104CF00037400024377C00070022E199100137403B
:104D0000002461000016377C00000022377C00E29E
:104D1000002446DF4CDF08034E75377C000200227A
:104D2000302B00240800000267F64E75666D76761B
:104D30006F6C736574000051A3424AFC00010000CF
:104D40000A7C0000000000000048055501018001B8
:104D5000000700000000000000000000000000004C
:104D600000000000000000003B6400000052000052
:104D700001BC000003AA00000C0000000A4E000065
:104D80000A6272616D746573743400002D46801080
:104D90002D4680143D438018082B00050014670E33
:104DA0002D4C801A66082D7900000000801A4A8573
:104DB000671E08050000661441F558004A68FFFEAA
:104DC000660A598849E8FFFC70016026423558FFA1
:104DD000204DD7EB000C42A72F0B7401203C0000A4
:104DE00008F84EBB0800607643E800042D4983A212
:104DF000740022602E09670CD3CD4229FFFF208961
:104E0000528260EE538067E04A8266104A68FFFE75
:104E1000670A4228FFFF244858886006208D2448EE
:104E2000528252824A94671828544A1C66FCB5CCB8
:104E3000631E0C1C00FC6618528C2654D7CD6014DF
:104E40000C2D00FC00026608266D0004D7CD60041E
:104E5000D7EB000C210B2F084228FFFF2F02207CEC
:104E6000000006BC4EBB88006500011C61204CDFC1
:104E700000039BCD2F2E83A2207C000004124EBB8A
:104E800088007000207C000008D44EBB8800207C85
:104E9000FFFF83AAD1CE2D4880042D4F80002D4FD7
:104EA0008008203CFFFFFF04D08FB0AE8008650271
:104EB0004E75B0AE800465062D4080084E7541FAEF
:104EC000007061102F3C00000101207C000008A44C
:104ED0004EBB88003F01726470024E40008C321F4E
:104EE0004E75202E800090AE80084E75202E8008D2
:104EF00090AE80044E7548E7C0F0302F001E04408D
:104F00000080E4400C40000F660C41FA006B720018
:104F10004E400021640C227C000008624EBB9800C9
:104F200065644CDF0F03508F59974E754AFB005054
:104F30002A2A2A2A20537461636B204F7665726691
:104F40006C6F77202A2A2A2A0D002A2A2A2A20432F
:104F5000616E277420696E7374616C6C2074726169
:104F6000702068616E646C6572202A2A2A2A0D00FE
:104F7000202A2A2A2A20006D61746800000000009F
:104F8000223C000000402F0841FAFFC06100FF46AC
:104F9000227CFFFF801ED3CE41FAFFD66128205F1E
:104FA0005389612241FAFFCA5389611A137C000DAB
:104FB000FFFF207CFFFF801ED1CE6100FF184E4016
:104FC00000064E40000612D866FC4E754E55000095
:104FD00048E7C080203CFFFFFFB46100FECC518F4A
:104FE0002F6F000800046000000E206F000410BC4A
:104FF00000AA52AF0004202F000CB0AF00046400E0
:10500000FFEA42972F6F000800046000001C206F29
:1050100000040C1000AA670000045297206F0004DF
:1050200010BC005552AF0004202F000CB0AF00049C
:105030006400FFDC221741FA03182008610005B65E
:105040002017206F001CD19042972F6F000800049A
:105050006000001C206F00040C1000556700000465
:105060005297206F000410BC00AA52AF0004202FFA
:10507000000CB0AF00046400FFDC221741FA02FA12
:105080002008610005702017206F001CD190429706
:105090002F6F000800046000001C206F00040C103B
:1050A00000AA670000045297206F000410BC00554E
:1050B00052AF0004202F000CB0AF00046400FFDCEE
:1050C000221741FA02DC20086100052A2017206F10
:1050D000001CD19042972F6F000800046000001C54
:1050E000206F00040C100055670000045297206FD9
:1050F000000410BC00AA52AF0004202F000CB0AF77
:1051000000046400FFDC221741FA02BE200861009F
:1051100004E42017206F001CD190508F4CED01004B
:10512000FFFC4E5D4E754E55000048E7C080203CA8
:10513000FFFFFFB46100FD72518F2F6F0008000464
:1051400060000010206F000420BCAAAAAAAA58AFD1
:105150000004202F000CB0AF00046400FFE8429769
:105160002F6F0008000460000020206F00040C90E6
:10517000AAAAAAAA670000045297206F000420BCC4
:105180005555555558AF0004202F000CB0AF000402
:105190006400FFD8221741FA025820086100045623
:1051A0002017206F001CD19042972F6F0008000439
:1051B00060000020206F00040C9055555555670085
:1051C00000045297206F000420BCAAAAAAAA58AFD4
:1051D0000004202F000CB0AF00046400FFD8221799
:1051E00041FA023620086100040C2017206F001CD1
:1051F000D19042972F6F0008000460000020206FBC
:1052000000040C90AAAAAAAA670000045297206F73
:10521000000420BC5555555558AF0004202F000CF4
:10522000B0AF00046400FFD8221741FA021420082E
:10523000610003C22017206F001CD19042972F6F8E
:105240000008000460000020206F00040C905555F9
:105250005555670000045297206F000420BCAAAA8D
:10526000AAAA58AF0004202F000CB0AF00046400BD
:10527000FFD8221741FA01F22008610003782017B5
:10528000206F001CD190508F4CED0100FFFC4E5D53
:105290004E754E55000048E7C080203CFFFFFFAC34
:1052A0006100FC064FEFFFF441FA01E620086100BF
:1052B000034441EF0008220841FA01E92008610097
:1052C0000364222F000841FA01DE20086100032652
:1052D00041FA01E520086100031C41EF00042208A7
:1052E00041FA01E820086100033C222F000441FA42
:1052F00001DD2008610002FE429741FA01E1200829
:10530000610002F24857222F0008202F000C610094
:10531000FCBC588F41FA01D42008610002D84857DC
:10532000222F0008202F000C6100FDFC588F22174F
:1053300041FA01C52008610002BC6000FFBE4FEFCA
:10534000000C4CED0102FFF84E5D4E754AFB01D298
:1053500041616E74616C20666F7574656E206E615C
:105360002076756C6C656E206D65742041412069F6
:1053700073203A2025640D0041616E74616C2066D3
:105380006F7574656E206E612076756C6C656E202D
:105390006D6574203535206973203A2025640D0031
:1053A00041616E74616C20666F7574656E206E610C
:1053B0002076756C6C656E206D65742041412069A6
:1053C00073203A2025640D0041616E74616C206683
:1053D0006F7574656E206E612076756C6C656E20DD
:1053E0006D6574203535206973203A2025640D00E1
:1053F00041616E74616C20666F7574656E206E61BC
:105400002076756C6C656E206D6574204141206955
:1054100073203A2025640D0041616E74616C206632
:105420006F7574656E206E612076756C6C656E208C
:105430006D6574203535206973203A2025640D0090
:1054400041616E74616C20666F7574656E206E616B
:105450002076756C6C656E206D6574204141206905
:1054600073203A2025640D0041616E74616C2066E2
:105470006F7574656E206E612076756C6C656E203C
:105480006D6574203535206973203A2025640D0040
:105490004765656620737461727461647265732018
:1054A0003A200025780073746172746164726573C8
:1054B000203D2025780D00476565662065696E648E
:1054C000616472657320203A200025780065696E5A
:1054D000646164726573203D2025780D000D2042C3
:1054E0007974652D546573740D000D20576F7264C7
:1054F0002D546573740D00544F5441414C2041614B
:105500006E74616C20666F7574656E2028746F749C
:10551000206E7520746F6529206973203A202564F8
:105520000D004E55000048E78038700028402640A6
:105530002440700D720041FA006447EE800C760939
:105540002683262E83A2242E839E286E83A64E4079
:105550000021653E4A93671841FA00467264700262
:105560004E40008C41FA003672DD003C00016022A2
:105570003D7C0041802A426E802C3D7C00028046AA
:105580003D7C000180483D7C000280623D7C000241
:1055900080644CED1C00FFF44E5D4E7563696F0036
:1055A0002A2A2A2A2063696F207472617068616EEA
:1055B000646C6572206D69736D61746368202A2A5A
:1055C0002A2A0D004E4D00004E4D00014E4D0002A6
:1055D0004E4D00034E4D00044E4D00054E4D00064D
:1055E0004E4D00074E4D00084E4D00094E4D000A2D
:1055F0004E4D000B4E4D000C4E4D000D4E4D000E0D
:105600004E4D000F4E4D00104E4D00114E4D0012EC
:105610004E4D00134E4D00144E4D00154E4D0016CC
:105620004E4D00174E4D00184E4D00194E4D001AAC
:105630004E4D001B4E4D001C4E4D001D4E4D001E8C
:105640004E4D001F4E4D00204E4D00214E4D00226C
:105650004E4D00234E4D00244E4D00254E4D00264C
:105660004E4D00274E4D00284E4D00294E4D002A2C
:105670004E4D002B4E4D002C4E4D002D4E4D002E0C
:105680004E4D002F4E4D00304E4D00314E4D0032EC
:105690004E4D00334E4D00344E4D00354E4D0036CC
:1056A0004E4D00374E4D00384E4D00394E4D003AAC
:1056B0004E4D003B4E4D003C4E4D003D4E4D003E8C
:1056C0004E4D003F4E4D00414E4D00424E4D004369
:1056D0004E4D00444E4D00454E4D00402A5F5385CF
:1056E0006562101867F80C00000D67580C00002068
:1056F00067EC0C00000967E60C00002C67E05282A2
:105700000C00002267300C000027672A4868FFFF62
:1057100053856530101867C60C00000D67120C0029
:105720000020670C0C00000967060C00002C66E0E6
:105730004228FFFF60A84850538565081218B00141
:1057400066F660EC204F48572F0253826710E582BF
:10575000203028002190280020C0518262F24ED5CE
:105760004E55000022006100001E6100FF04600829
:105770004E5500004AFC22004E400006DEADDEAD74
:10578000003C00014E754E750000039E0000000CA9
:105790000000001E000002420000000000000002A5
:1057A00003A603A20000000000000001039E000009
:1057B000000000031A654AFC00010000A840000038
:1057C00000000000A8360113040080000001000062
:1057D00000000000000000000000000000000000C9
:1057E00000000000306600000034000000000000EF
:1057F00000000000000000000000000000000000A9
:105800000000000000000000000000000000000098
:105810000000000000000000000000000000000088
:105820000000000000000000000000000000000078
:105830000000000000000000000000000000000068
:105840000000000000000000000000000000000058
:105850000000000000000000000000000000000048
:105860000000000000000000000000000000000038
:105870000000000000000000000000000000000028
:105880000000000000000000000000000000000018
:105890000000000000000000000000000000000008
:1058A00000000000000000000000000000000000F8
:1058B00000000000000000000000000000000000E8
:1058C00000000000000000000000000000000000D8
:1058D00000000000000000000000000000000000C8
:1058E00000000000000000000000000000000000B8
:1058F00000000000000000000000000000000000A8
:105900000000000000000000000000000000000097
:105910000000000000000000000000000000000087
:105920000000000000000000000000000000000077
:105930000000000000000000000000000000000067
:105940000000000000000000000000000000000057
:105950000000000000000000000000000000000047
:105960000000000000000000000000000000000037
:105970000000000000000000000000000000000027
:105980000000000000000000000000000000000017
:105990000000000000000000000000000000000007
:1059A00000000000000000000000000000000000F7
:1059B00000000000000000000000000000000000E7
:1059C00000000000000000000000000000000000D7
:1059D00000000000000000000000000000000000C7
:1059E00000000000000000000000000000000000B7
:1059F00000000000000000000000000000000000A7
:105A00000000000000000000000000000000000096
:105A10000000000000000000000000000000000086
:105A20000000000000000000000000000000000076
:105A30000000000000000000000000000000000066
:105A40000000000000000000000000000000000056
:105A50000000000000000000000000000000000046
:105A60000000000000000000000000000000000036
:105A70000000000000000000000000000000000026
:105A80000000000000000000000000000000000016
:105A90000000000000000000000000000000000006
:105AA00000000000000000000000000000000000F6
:105AB00000000000000000000000000000000000E6
:105AC00000000000000000000000000000000000D6
:105AD00000000000000000000000000000000000C6
:105AE00000000000000000000000000000000000B6
:105AF00000000000000000000000000000000000A6
:105B00000000000000000000000000000000000095
:105B10000000000000000000000000000000000085
:105B20000000000000000000000000000000000075
:105B30000000000000000000000000000000000065
:105B40000000000000000000000000000000000055
:105B50000000000000000000000000000000000045
:105B60000000000000000000000000000000000035
:105B70000000000000000000000000000000000025
:105B80000000000000000000000000000000000015
:105B90000000000000000000000000000000000005
:105BA00000000000000000000000000000000000F5
:105BB00000000000000000000000000000000000E5
:105BC00000000000000000000000000000000000D5
:105BD00000000000000000000000000000000000C5
:105BE00000000000000000000000000000000000B5
:105BF00000000000000000000000000000000000A5
:105C00000000000000000000000000000000000094
:105C10000000000000000000000000000000000084
:105C20000000000000000000000000000000000074
:105C30000000000000000000000000000000000064
:105C40000000000000000000000000000000000054
:105C50000000000000000000000000000000000044
:105C60000000000000000000000000000000000034
:105C70000000000000000000000000000000000024
:105C80000000000000000000000000000000000014
:105C90000000000000000000000000000000000004
:105CA00000000000000000000000000000000000F4
:105CB00000000000000000000000000000000000E4
:105CC00000000000000000000000000000000000D4
:105CD00000000000000000000000000000000000C4
:105CE00000000000000000000000000000000000B4
:105CF00000000000000000000000000000000000A4
:105D00000000000000000000000000000000000093
:105D10000000000000000000000000000000000083
:105D20000000000000000000000000000000000073
:105D30000000000000000000000000000000000063
:105D40000000000000000000000000000000000053
:105D50000000000000000000000000000000000043
:105D60000000000000000000000000000000000033
:105D70000000000000000000000000000000000023
:105D80000000000000000000000000000000000013
:105D90000000000000000000000000000000000003
:105DA00000000000000000000000000000000000F3
:105DB00000000000000000000000000000000000E3
:105DC00000000000000000000000000000000000D3
:105DD00000000000000000000000000000000000C3
:105DE00000000000000000000000000000000000B3
:105DF00000000000000000000000000000000000A3
:105E00000000000000000000000000000000000092
:105E10000000000000000000000000000000000082
:105E20000000000000000000000000000000000072
:105E30000000000000000000000000000000000062
:105E40000000000000000000000000000000000052
:105E50000000000000000000000000000000000042
:105E60000000000000000000000000000000000032
:105E70000000000000000000000000000000000022
:105E80000000000000000000000000000000000012
:105E90000000000000000000000000000000000002
:105EA00000000000000000000000000000000000F2
:105EB00000000000000000000000000000000000E2
:105EC00000000000000000000000000000000000D2
:105ED00000000000000000000000000000000000C2
:105EE00000000000000000000000000000000000B2
:105EF00000000000000000000000000000000000A2
:105F00000000000000000000000000000000000091
:105F10000000000000000000000000000000000081
:105F20000000000000000000000000000000000071
:105F30000000000000000000000000000000000061
:105F40000000000000000000000000000000000051
:105F50000000000000000000000000000000000041
:105F60000000000000000000000000000000000031
:105F70000000000000000000000000000000000021
:105F80000000000000000000000000000000000011
:105F90000000000000000000000000000000000001
:105FA00000000000000000000000000000000000F1
:105FB00000000000000000000000000000000000E1
:105FC00000000000000000000000000000000000D1
:105FD00000000000000000000000000000000000C1
:105FE00000000000000000000000000000000000B1
:105FF00000000000000000000000000000000000A1
:106000000000000000000000000000000000000090
:106010000000000000000000000000000000000080
:106020000000000000000000000000000000000070
:106030000000000000000000000000000000000060
:106040000000000000000000000000000000000050
:106050000000000000000000000000000000000040
:106060000000000000000000000000000000000030
:106070000000000000000000000000000000000020
:106080000000000000000000000000000000000010
:106090000000000000000000000000000000000000
:1060A00000000000000000000000000000000000F0
:1060B00000000000000000000000000000000000E0
:1060C00000000000000000000000000000000000D0
:1060D00000000000000000000000000000000000C0
:1060E00000000000000000000000000000000000B0
:1060F00000000000000000000000000000000000A0
:10610000000000000000000000000000000000008F
:10611000000000000000000000000000000000007F
:10612000000000000000000000000000000000006F
:10613000000000000000000000000000000000005F
:10614000000000000000000000000000000000004F
:10615000000000000000000000000000000000003F
:10616000000000000000000000000000000000002F
:10617000000000000000000000000000000000001F
:10618000000000000000000000000000000000000F
:1061900000000000000000000000000000000000FF
:1061A00000000000000000000000000000000000EF
:1061B00000000000000000000000000000000000DF
:1061C00000000000000000000000000000000000CF
:1061D00000000000000000000000000000000000BF
:1061E00000000000000000000000000000000000AF
:1061F000000000000000000000000000000000009F
:10620000000000000000000000000000000000008E
:10621000000000000000000000000000000000007E
:10622000000000000000000000000000000000006E
:10623000000000000000000000000000000000005E
:10624000000000000000000000000000000000004E
:10625000000000000000000000000000000000003E
:10626000000000000000000000000000000000002E
:10627000000000000000000000000000000000001E
:10628000000000000000000000000000000000000E
:1062900000000000000000000000000000000000FE
:1062A00000000000000000000000000000000000EE
:1062B00000000000000000000000000000000000DE
:1062C00000000000000000000000000000000000CE
:1062D00000000000000000000000000000000000BE
:1062E00000000000000000000000000000000000AE
:1062F000000000000000000000000000000000009E
:10630000000000000000000000000000000000008D
:10631000000000000000000000000000000000007D
:10632000000000000000000000000000000000006D
:10633000000000000000000000000000000000005D
:10634000000000000000000000000000000000004D
:10635000000000000000000000000000000000003D
:10636000000000000000000000000000000000002D
:10637000000000000000000000000000000000001D
:10638000000000000000000000000000000000000D
:1063900000000000000000000000000000000000FD
:1063A00000000000000000000000000000000000ED
:1063B00000000000000000000000000000000000DD
:1063C00000000000000000000000000000000000CD
:1063D00000000000000000000000000000000000BD
:1063E00000000000000000000000000000000000AD
:1063F000000000000000000000000000000000009D
:10640000000000000000000000000000000000008C
:10641000000000000000000000000000000000007C
:10642000000000000000000000000000000000006C
:10643000000000000000000000000000000000005C
:10644000000000000000000000000000000000004C
:10645000000000000000000000000000000000003C
:10646000000000000000000000000000000000002C
:10647000000000000000000000000000000000001C
:10648000000000000000000000000000000000000C
:1064900000000000000000000000000000000000FC
:1064A00000000000000000000000000000000000EC
:1064B00000000000000000000000000000000000DC
:1064C00000000000000000000000000000000000CC
:1064D00000000000000000000000000000000000BC
:1064E00000000000000000000000000000000000AC
:1064F000000000000000000000000000000000009C
:10650000000000000000000000000000000000008B
:10651000000000000000000000000000000000007B
:10652000000000000000000000000000000000006B
:10653000000000000000000000000000000000005B
:10654000000000000000000000000000000000004B
:10655000000000000000000000000000000000003B
:10656000000000000000000000000000000000002B
:10657000000000000000000000000000000000001B
:10658000000000000000000000000000000000000B
:1065900000000000000000000000000000000000FB
:1065A00000000000000000000000000000000000EB
:1065B00000000000000000000000000000000000DB
:1065C00000000000000000000000000000000000CB
:1065D00000000000000000000000000000000000BB
:1065E00000000000000000000000000000000000AB
:1065F000000000000000000000000000000000009B
:10660000000000000000000000000000000000008A
:10661000000000000000000000000000000000007A
:10662000000000000000000000000000000000006A
:10663000000000000000000000000000000000005A
:10664000000000000000000000000000000000004A
:10665000000000000000000000000000000000003A
:10666000000000000000000000000000000000002A
:10667000000000000000000000000000000000001A
:10668000000000000000000000000000000000000A
:1066900000000000000000000000000000000000FA
:1066A00000000000000000000000000000000000EA
:1066B00000000000000000000000000000000000DA
:1066C00000000000000000000000000000000000CA
:1066D00000000000000000000000000000000000BA
:1066E00000000000000000000000000000000000AA
:1066F000000000000000000000000000000000009A
:106700000000000000000000000000000000000089
:106710000000000000000000000000000000000079
:106720000000000000000000000000000000000069
:106730000000000000000000000000000000000059
:106740000000000000000000000000000000000049
:106750000000000000000000000000000000000039
:106760000000000000000000000000000000000029
:106770000000000000000000000000000000000019
:106780000000000000000000000000000000000009
:1067900000000000000000000000000000000000F9
:1067A00000000000000000000000000000000000E9
:1067B00000000000000000000000000000000000D9
:1067C00000000000000000000000000000000000C9
:1067D00000000000000000000000000000000000B9
:1067E00000000000000000000000000000000000A9
:1067F0000000000000000000000000000000000099
:106800000000000000000000000000000000000088
:106810000000000000000000000000000000000078
:106820000000000000000000000000000000000068
:106830000000000000000000000000000000000058
:106840000000000000000000000000000000000048
:106850000000000000000000000000000000000038
:106860000000000000000000000000000000000028
:106870000000000000000000000000000000000018
:106880000000000000000000000000000000000008
:1068900000000000000000000000000000000000F8
:1068A00000000000000000000000000000000000E8
:1068B00000000000000000000000000000000000D8
:1068C00000000000000000000000000000000000C8
:1068D00000000000000000000000000000000000B8
:1068E00000000000000000000000000000000000A8
:1068F0000000000000000000000000000000000098
:106900000000000000000000000000000000000087
:106910000000000000000000000000000000000077
:106920000000000000000000000000000000000067
:106930000000000000000000000000000000000057
:106940000000000000000000000000000000000047
:106950000000000000000000000000000000000037
:106960000000000000000000000000000000000027
:106970000000000000000000000000000000000017
:106980000000000000000000000000000000000007
:1069900000000000000000000000000000000000F7
:1069A00000000000000000000000000000000000E7
:1069B00000000000000000000000000000000000D7
:1069C00000000000000000000000000000000000C7
:1069D00000000000000000000000000000000000B7
:1069E00000000000000000000000000000000000A7
:1069F0000000000000000000000000000000000097
:106A00000000000000000000000000000000000086
:106A10000000000000000000000000000000000076
:106A20000000000000000000000000000000000066
:106A30000000000000000000000000000000000056
:106A40000000000000000000000000000000000046
:106A50000000000000000000000000000000000036
:106A60000000000000000000000000000000000026
:106A70000000000000000000000000000000000016
:106A80000000000000000000000000000000000006
:106A900000000000000000000000000000000000F6
:106AA00000000000000000000000000000000000E6
:106AB00000000000000000000000000000000000D6
:106AC00000000000000000000000000000000000C6
:106AD00000000000000000000000000000000000B6
:106AE00000000000000000000000000000000000A6
:106AF0000000000000000000000000000000000096
:106B00000000000000000000000000000000000085
:106B10000000000000000000000000000000000075
:106B20000000000000000000000000000000000065
:106B30000000000000000000000000000000000055
:106B40000000000000000000000000000000000045
:106B50000000000000000000000000000000000035
:106B60000000000000000000000000000000000025
:106B70000000000000000000000000000000000015
:106B80000000000000000000000000000000000005
:106B900000000000000000000000000000000000F5
:106BA00000000000000000000000000000000000E5
:106BB00000000000000000000000000000000000D5
:106BC00000000000000000000000000000000000C5
:106BD00000000000000000000000000000000000B5
:106BE00000000000000000000000000000000000A5
:106BF0000000000000000000000000000000000095
:106C00000000000000000000000000000000000084
:106C10000000000000000000000000000000000074
:106C20000000000000000000000000000000000064
:106C30000000000000000000000000000000000054
:106C40000000000000000000000000000000000044
:106C50000000000000000000000000000000000034
:106C60000000000000000000000000000000000024
:106C70000000000000000000000000000000000014
:106C80000000000000000000000000000000000004
:106C900000000000000000000000000000000000F4
:106CA00000000000000000000000000000000000E4
:106CB00000000000000000000000000000000000D4
:106CC00000000000000000000000000000000000C4
:106CD00000000000000000000000000000000000B4
:106CE00000000000000000000000000000000000A4
:106CF0000000000000000000000000000000000094
:106D00000000000000000000000000000000000083
:106D10000000000000000000000000000000000073
:106D20000000000000000000000000000000000063
:106D30000000000000000000000000000000000053
:106D40000000000000000000000000000000000043
:106D50000000000000000000000000000000000033
:106D60000000000000000000000000000000000023
:106D70000000000000000000000000000000000013
:106D80000000000000000000000000000000000003
:106D900000000000000000000000000000000000F3
:106DA00000000000000000000000000000000000E3
:106DB00000000000000000000000000000000000D3
:106DC00000000000000000000000000000000000C3
:106DD00000000000000000000000000000000000B3
:106DE00000000000000000000000000000000000A3
:106DF0000000000000000000000000000000000093
:106E00000000000000000000000000000000000082
:106E10000000000000000000000000000000000072
:106E20000000000000000000000000000000000062
:106E30000000000000000000000000000000000052
:106E40000000000000000000000000000000000042
:106E50000000000000000000000000000000000032
:106E60000000000000000000000000000000000022
:106E70000000000000000000000000000000000012
:106E80000000000000000000000000000000000002
:106E900000000000000000000000000000000000F2
:106EA00000000000000000000000000000000000E2
:106EB00000000000000000000000000000000000D2
:106EC00000000000000000000000000000000000C2
:106ED00000000000000000000000000000000000B2
:106EE00000000000000000000000000000000000A2
:106EF0000000000000000000000000000000000092
:106F00000000000000000000000000000000000081
:106F10000000000000000000000000000000000071
:106F20000000000000000000000000000000000061
:106F30000000000000000000000000000000000051
:106F40000000000000000000000000000000000041
:106F50000000000000000000000000000000000031
:106F60000000000000000000000000000000000021
:106F70000000000000000000000000000000000011
:106F80000000000000000000000000000000000001
:106F900000000000000000000000000000000000F1
:106FA00000000000000000000000000000000000E1
:106FB00000000000000000000000000000000000D1
:106FC00000000000000000000000000000000000C1
:106FD00000000000000000000000000000000000B1
:106FE00000000000000000000000000000000000A1
:106FF0000000000000000000000000000000000091
:107000000000000000000000000000000000000080
:107010000000000000000000000000000000000070
:107020000000000000000000000000000000000060
:107030000000000000000000000000000000000050
:107040000000000000000000000000000000000040
:107050000000000000000000000000000000000030
:107060000000000000000000000000000000000020
:107070000000000000000000000000000000000010
:107080000000000000000000000000000000000000
:1070900000000000000000000000000000000000F0
:1070A00000000000000000000000000000000000E0
:1070B00000000000000000000000000000000000D0
:1070C00000000000000000000000000000000000C0
:1070D00000000000000000000000000000000000B0
:1070E00000000000000000000000000000000000A0
:1070F0000000000000000000000000000000000090
:10710000000000000000000000000000000000007F
:10711000000000000000000000000000000000006F
:10712000000000000000000000000000000000005F
:10713000000000000000000000000000000000004F
:10714000000000000000000000000000000000003F
:10715000000000000000000000000000000000002F
:10716000000000000000000000000000000000001F
:10717000000000000000000000000000000000000F
:1071800000000000000000000000000000000000FF
:1071900000000000000000000000000000000000EF
:1071A00000000000000000000000000000000000DF
:1071B00000000000000000000000000000000000CF
:1071C00000000000000000000000000000000000BF
:1071D00000000000000000000000000000000000AF
:1071E000000000000000000000000000000000009F
:1071F000000000000000000000000000000000008F
:10720000000000000000000000000000000000007E
:10721000000000000000000000000000000000006E
:10722000000000000000000000000000000000005E
:10723000000000000000000000000000000000004E
:10724000000000000000000000000000000000003E
:10725000000000000000000000000000000000002E
:10726000000000000000000000000000000000001E
:10727000000000000000000000000000000000000E
:1072800000000000000000000000000000000000FE
:1072900000000000000000000000000000000000EE
:1072A00000000000000000000000000000000000DE
:1072B00000000000000000000000000000000000CE
:1072C00000000000000000000000000000000000BE
:1072D00000000000000000000000000000000000AE
:1072E000000000000000000000000000000000009E
:1072F000000000000000000000000000000000008E
:10730000000000000000000000000000000000007D
:10731000000000000000000000000000000000006D
:10732000000000000000000000000000000000005D
:10733000000000000000000000000000000000004D
:10734000000000000000000000000000000000003D
:10735000000000000000000000000000000000002D
:10736000000000000000000000000000000000001D
:10737000000000000000000000000000000000000D
:1073800000000000000000000000000000000000FD
:1073900000000000000000000000000000000000ED
:1073A00000000000000000000000000000000000DD
:1073B00000000000000000000000000000000000CD
:1073C00000000000000000000000000000000000BD
:1073D00000000000000000000000000000000000AD
:1073E000000000000000000000000000000000009D
:1073F000000000000000000000000000000000008D
:10740000000000000000000000000000000000007C
:10741000000000000000000000000000000000006C
:10742000000000000000000000000000000000005C
:10743000000000000000000000000000000000004C
:10744000000000000000000000000000000000003C
:10745000000000000000000000000000000000002C
:10746000000000000000000000000000000000001C
:10747000000000000000000000000000000000000C
:1074800000000000000000000000000000000000FC
:1074900000000000000000000000000000000000EC
:1074A00000000000000000000000000000000000DC
:1074B00000000000000000000000000000000000CC
:1074C00000000000000000000000000000000000BC
:1074D00000000000000000000000000000000000AC
:1074E000000000000000000000000000000000009C
:1074F000000000000000000000000000000000008C
:10750000000000000000000000000000000000007B
:10751000000000000000000000000000000000006B
:10752000000000000000000000000000000000005B
:10753000000000000000000000000000000000004B
:10754000000000000000000000000000000000003B
:10755000000000000000000000000000000000002B
:10756000000000000000000000000000000000001B
:10757000000000000000000000000000000000000B
:1075800000000000000000000000000000000000FB
:1075900000000000000000000000000000000000EB
:1075A00000000000000000000000000000000000DB
:1075B00000000000000000000000000000000000CB
:1075C00000000000000000000000000000000000BB
:1075D00000000000000000000000000000000000AB
:1075E000000000000000000000000000000000009B
:1075F000000000000000000000000000000000008B
:10760000000000000000000000000000000000007A
:10761000000000000000000000000000000000006A
:10762000000000000000000000000000000000005A
:10763000000000000000000000000000000000004A
:10764000000000000000000000000000000000003A
:10765000000000000000000000000000000000002A
:10766000000000000000000000000000000000001A
:10767000000000000000000000000000000000000A
:1076800000000000000000000000000000000000FA
:1076900000000000000000000000000000000000EA
:1076A00000000000000000000000000000000000DA
:1076B00000000000000000000000000000000000CA
:1076C00000000000000000000000000000000000BA
:1076D00000000000000000000000000000000000AA
:1076E000000000000000000000000000000000009A
:1076F000000000000000000000000000000000008A
:107700000000000000000000000000000000000079
:107710000000000000000000000000000000000069
:107720000000000000000000000000000000000059
:107730000000000000000000000000000000000049
:107740000000000000000000000000000000000039
:107750000000000000000000000000000000000029
:107760000000000000000000000000000000000019
:107770000000000000000000000000000000000009
:1077800000000000000000000000000000000000F9
:1077900000000000000000000000000000000000E9
:1077A00000000000000000000000000000000000D9
:1077B00000000000000000000000000000000000C9
:1077C00000000000000000000000000000000000B9
:1077D00000000000000000000000000000000000A9
:1077E0000000000000000000000000000000000099
:1077F0000000000000000000000000000000000089
:107800000000000000000000000000000000000078
:107810000000000000000000000000000000000068
:107820000000000000000000000000000000000058
:107830000000000000000000000000000000000048
:107840000000000000000000000000000000000038
:107850000000000000000000000000000000000028
:107860000000000000000000000000000000000018
:107870000000000000000000000000000000000008
:1078800000000000000000000000000000000000F8
:1078900000000000000000000000000000000000E8
:1078A00000000000000000000000000000000000D8
:1078B00000000000000000000000000000000000C8
:1078C00000000000000000000000000000000000B8
:1078D00000000000000000000000000000000000A8
:1078E0000000000000000000000000000000000098
:1078F0000000000000000000000000000000000088
:107900000000000000000000000000000000000077
:107910000000000000000000000000000000000067
:107920000000000000000000000000000000000057
:107930000000000000000000000000000000000047
:107940000000000000000000000000000000000037
:107950000000000000000000000000000000000027
:107960000000000000000000000000000000000017
:107970000000000000000000000000000000000007
:1079800000000000000000000000000000000000F7
:1079900000000000000000000000000000000000E7
:1079A00000000000000000000000000000000000D7
:1079B00000000000000000000000000000000000C7
:1079C00000000000000000000000000000000000B7
:1079D00000000000000000000000000000000000A7
:1079E0000000000000000000000000000000000097
:1079F0000000000000000000000000000000000087
:107A00000000000000000000000000000000000076
:107A10000000000000000000000000000000000066
:107A20000000000000000000000000000000000056
:107A30000000000000000000000000000000000046
:107A40000000000000000000000000000000000036
:107A50000000000000000000000000000000000026
:107A60000000000000000000000000000000000016
:107A70000000000000000000000000000000000006
:107A800000000000000000000000000000000000F6
:107A900000000000000000000000000000000000E6
:107AA00000000000000000000000000000000000D6
:107AB00000000000000000000000000000000000C6
:107AC00000000000000000000000000000000000B6
:107AD00000000000000000000000000000000000A6
:107AE0000000000000000000000000000000000096
:107AF0000000000000000000000000000000000086
:107B00000000000000000000000000000000000075
:107B10000000000000000000000000000000000065
:107B20000000000000000000000000000000000055
:107B30000000000000000000000000000000000045
:107B40000000000000000000000000000000000035
:107B50000000000000000000000000000000000025
:107B60000000000000000000000000000000000015
:107B70000000000000000000000000000000000005
:107B800000000000000000000000000000000000F5
:107B900000000000000000000000000000000000E5
:107BA00000000000000000000000000000000000D5
:107BB00000000000000000000000000000000000C5
:107BC00000000000000000000000000000000000B5
:107BD00000000000000000000000000000000000A5
:107BE0000000000000000000000000000000000095
:107BF0000000000000000000000000000000000085
:107C00000000000000000000000000000000000074
:107C10000000000000000000000000000000000064
:107C20000000000000000000000000000000000054
:107C30000000000000000000000000000000000044
:107C40000000000000000000000000000000000034
:107C50000000000000000000000000000000000024
:107C60000000000000000000000000000000000014
:107C70000000000000000000000000000000000004
:107C800000000000000000000000000000000000F4
:107C900000000000000000000000000000000000E4
:107CA00000000000000000000000000000000000D4
:107CB00000000000000000000000000000000000C4
:107CC00000000000000000000000000000000000B4
:107CD00000000000000000000000000000000000A4
:107CE0000000000000000000000000000000000094
:107CF0000000000000000000000000000000000084
:107D00000000000000000000000000000000000073
:107D10000000000000000000000000000000000063
:107D20000000000000000000000000000000000053
:107D30000000000000000000000000000000000043
:107D40000000000000000000000000000000000033
:107D50000000000000000000000000000000000023
:107D60000000000000000000000000000000000013
:107D70000000000000000000000000000000000003
:107D800000000000000000000000000000000000F3
:107D900000000000000000000000000000000000E3
:107DA00000000000000000000000000000000000D3
:107DB00000000000000000000000000000000000C3
:107DC00000000000000000000000000000000000B3
:107DD00000000000000000000000000000000000A3
:107DE0000000000000000000000000000000000093
:107DF0000000000000000000000000000000000083
:107E00000000000000000000000000000000000072
:107E10000000000000000000000000000000000062
:107E20000000000000000000000000000000000052
:107E30000000000000000000000000000000000042
:107E40000000000000000000000000000000000032
:107E50000000000000000000000000000000000022
:107E60000000000000000000000000000000000012
:107E70000000000000000000000000000000000002
:107E800000000000000000000000000000000000F2
:107E900000000000000000000000000000000000E2
:107EA00000000000000000000000000000000000D2
:107EB00000000000000000000000000000000000C2
:107EC00000000000000000000000000000000000B2
:107ED00000000000000000000000000000000000A2
:107EE0000000000000000000000000000000000092
:107EF0000000000000000000000000000000000082
:107F00000000000000000000000000000000000071
:107F10000000000000000000000000000000000061
:107F20000000000000000000000000000000000051
:107F30000000000000000000000000000000000041
:107F40000000000000000000000000000000000031
:107F50000000000000000000000000000000000021
:107F60000000000000000000000000000000000011
:107F70000000000000000000000000000000000001
:107F800000000000000000000000000000000000F1
:107F900000000000000000000000000000000000E1
:107FA00000000000000000000000000000000000D1
:107FB00000000000000000000000000000000000C1
:107FC00000000000000000000000000000000000B1
:107FD00000000000000000000000000000000000A1
:107FE0000000000000000000000000000000000091
:107FF0000000000000000000000000000000000081
:108000000000000000000000000000000000000070
:108010000000000000000000000000000000000060
:108020000000000000000000000000000000000050
:108030000000000000000000000000000000000040
:108040000000000000000000000000000000000030
:108050000000000000000000000000000000000020
:108060000000000000000000000000000000000010
:108070000000000000000000000000000000000000
:1080800000000000000000000000000000000000F0
:1080900000000000000000000000000000000000E0
:1080A00000000000000000000000000000000000D0
:1080B00000000000000000000000000000000000C0
:1080C00000000000000000000000000000000000B0
:1080D00000000000000000000000000000000000A0
:1080E0000000000000000000000000000000000090
:1080F0000000000000000000000000000000000080
:10810000000000000000000000000000000000006F
:10811000000000000000000000000000000000005F
:10812000000000000000000000000000000000004F
:10813000000000000000000000000000000000003F
:10814000000000000000000000000000000000002F
:10815000000000000000000000000000000000001F
:10816000000000000000000000000000000000000F
:1081700000000000000000000000000000000000FF
:1081800000000000000000000000000000000000EF
:1081900000000000000000000000000000000000DF
:1081A00000000000000000000000000000000000CF
:1081B00000000000000000000000000000000000BF
:1081C00000000000000000000000000000000000AF
:1081D000000000000000000000000000000000009F
:1081E000000000000000000000000000000000008F
:1081F000000000000000000000000000000000007F
:10820000000000000000000000000000000000006E
:10821000000000000000000000000000000000005E
:10822000000000000000000000000000000000004E
:10823000000000000000000000000000000000003E
:10824000000000000000000000000000000000002E
:10825000000000000000000000000000000000001E
:10826000000000000000000000000000000000000E
:1082700000000000000000000000000000000000FE
:1082800000000000000000000000000000000000EE
:1082900000000000000000000000000000000000DE
:1082A00000000000000000000000000000000000CE
:1082B00000000000000000000000000000000000BE
:1082C00000000000000000000000000000000000AE
:1082D000000000000000000000000000000000009E
:1082E000000000000000000000000000000000008E
:1082F000000000000000000000000000000000007E
:10830000000000000000000000000000000000006D
:10831000000000000000000000000000000000005D
:10832000000000000000000000000000000000004D
:10833000000000000000000000000000000000003D
:10834000000000000000000000000000000000002D
:10835000000000000000000000000000000000001D
:10836000000000000000000000000000000000000D
:1083700000000000000000000000000000000000FD
:1083800000000000000000000000000000000000ED
:1083900000000000000000000000000000000000DD
:1083A00000000000000000000000000000000000CD
:1083B00000000000000000000000000000000000BD
:1083C00000000000000000000000000000000000AD
:1083D000000000000000000000000000000000009D
:1083E000000000000000000000000000000000008D
:1083F000000000000000000000000000000000007D
:10840000000000000000000000000000000000006C
:10841000000000000000000000000000000000005C
:10842000000000000000000000000000000000004C
:10843000000000000000000000000000000000003C
:10844000000000000000000000000000000000002C
:10845000000000000000000000000000000000001C
:10846000000000000000000000000000000000000C
:1084700000000000000000000000000000000000FC
:1084800000000000000000000000000000000000EC
:1084900000000000000000000000000000000000DC
:1084A00000000000000000000000000000000000CC
:1084B00000000000000000000000000000000000BC
:1084C00000000000000000000000000000000000AC
:1084D000000000000000000000000000000000009C
:1084E000000000000000000000000000000000008C
:1084F000000000000000000000000000000000007C
:10850000000000000000000000000000000000006B
:10851000000000000000000000000000000000005B
:10852000000000000000000000000000000000004B
:10853000000000000000000000000000000000003B
:10854000000000000000000000000000000000002B
:10855000000000000000000000000000000000001B
:10856000000000000000000000000000000000000B
:1085700000000000000000000000000000000000FB
:1085800000000000000000000000000000000000EB
:1085900000000000000000000000000000000000DB
:1085A00000000000000000000000000000000000CB
:1085B00000000000000000000000000000000000BB
:1085C00000000000000000000000000000000000AB
:1085D000000000000000000000000000000000009B
:1085E000000000000000000000000000000000008B
:1085F000000000000000000000000000000000007B
:10860000000000000000000000000000000000006A
:10861000000000000000000000000000000000005A
:10862000000000000000000000000000000000004A
:10863000000000000000000000000000000000003A
:10864000000000000000000000000000000000002A
:10865000000000000000000000000000000000001A
:10866000000000000000000000000000000000000A
:1086700000000000000000000000000000000000FA
:1086800000000000000000000000000000000000EA
:1086900000000000000000000000000000000000DA
:1086A00000000000000000000000000000000000CA
:1086B00000000000000000000000000000000000BA
:1086C00000000000000000000000000000000000AA
:1086D000000000000000000000000000000000009A
:1086E000000000000000000000000000000000008A
:1086F000000000000000000000000000000000007A
:108700000000000000000000000000000000000069
:108710000000000000000000000000000000000059
:108720000000000000000000000000000000000049
:108730000000000000000000000000000000000039
:108740000000000000000000000000000000000029
:108750000000000000000000000000000000000019
:108760000000000000000000000000000000000009
:1087700000000000000000000000000000000000F9
:1087800000000000000000000000000000000000E9
:1087900000000000000000000000000000000000D9
:1087A00000000000000000000000000000000000C9
:1087B00000000000000000000000000000000000B9
:1087C00000000000000000000000000000000000A9
:1087D0000000000000000000000000000000000099
:1087E0000000000000000000000000000000000089
:1087F0000000000000000000000000000000000079
:108800000000000000000000000000000000000068
:108810000000000000000000000000000000000058
:108820000000000000000000000000000000000048
:108830000000000000000000000000000000000038
:108840000000000000000000000000000000000028
:108850000000000000000000000000000000000018
:108860000000000000000000000000000000000008
:1088700000000000000000000000000000000000F8
:1088800000000000000000000000000000000000E8
:1088900000000000000000000000000000000000D8
:1088A00000000000000000000000000000000000C8
:1088B00000000000000000000000000000000000B8
:1088C00000000000000000000000000000000000A8
:1088D0000000000000000000000000000000000098
:1088E0000000000000000000000000000000000088
:1088F0000000000000000000000000000000000078
:108900000000000000000000000000000000000067
:108910000000000000000000000000000000000057
:108920000000000000000000000000000000000047
:108930000000000000000000000000000000000037
:108940000000000000000000000000000000000027
:108950000000000000000000000000000000000017
:108960000000000000000000000000000000000007
:1089700000000000000000000000000000000000F7
:1089800000000000000000000000000000000000E7
:1089900000000000000000000000000000000000D7
:1089A00000000000000000000000000000000000C7
:1089B00000000000000000000000000000000000B7
:1089C00000000000000000000000000000000000A7
:1089D0000000000000000000000000000000000097
:1089E0000000000000000000000000000000000087
:1089F0000000000000000000000000000000000077
:108A00000000000000000000000000000000000066
:108A10000000000000000000000000000000000056
:108A20000000000000000000000000000000000046
:108A30000000000000000000000000000000000036
:108A40000000000000000000000000000000000026
:108A50000000000000000000000000000000000016
:108A60000000000000000000000000000000000006
:108A700000000000000000000000000000000000F6
:108A800000000000000000000000000000000000E6
:108A900000000000000000000000000000000000D6
:108AA00000000000000000000000000000000000C6
:108AB00000000000000000000000000000000000B6
:108AC00000000000000000000000000000000000A6
:108AD0000000000000000000000000000000000096
:108AE0000000000000000000000000000000000086
:108AF0000000000000000000000000000000000076
:108B00000000000000000000000000000000000065
:108B10000000000000000000000000000000000055
:108B20000000000000000000000000000000000045
:108B30000000000000000000000000000000000035
:108B40000000000000000000000000000000000025
:108B50000000000000000000000000000000000015
:108B60000000000000000000000000000000000005
:108B700000000000000000000000000000000000F5
:108B800000000000000000000000000000000000E5
:108B900000000000000000000000000000000000D5
:108BA00000000000000000000000000000000000C5
:108BB00000000000000000000000000000000000B5
:108BC00000000000000000000000000000000000A5
:108BD0000000000000000000000000000000000095
:108BE0000000000000000000000000000000000085
:108BF0000000000000000000000000000000000075
:108C00000000000000000000000000000000000064
:108C10000000000000000000000000000000000054
:108C20000000000000000000000000000000000044
:108C30000000000000000000000000000000000034
:108C40000000000000000000000000000000000024
:108C50000000000000000000000000000000000014
:108C60000000000000000000000000000000000004
:108C700000000000000000000000000000000000F4
:108C800000000000000000000000000000000000E4
:108C900000000000000000000000000000000000D4
:108CA00000000000000000000000000000000000C4
:108CB00000000000000000000000000000000000B4
:108CC00000000000000000000000000000000000A4
:108CD0000000000000000000000000000000000094
:108CE0000000000000000000000000000000000084
:108CF0000000000000000000000000000000000074
:108D00000000000000000000000000000000000063
:108D10000000000000000000000000000000000053
:108D20000000000000000000000000000000000043
:108D30000000000000000000000000000000000033
:108D40000000000000000000000000000000000023
:108D50000000000000000000000000000000000013
:108D60000000000000000000000000000000000003
:108D700000000000000000000000000000000000F3
:108D800000000000000000000000000000000000E3
:108D900000000000000000000000000000000000D3
:108DA00000000000000000000000000000000000C3
:108DB00000000000000000000000000000000000B3
:108DC00000000000000000000000000000000000A3
:108DD0000000000000000000000000000000000093
:108DE0000000000000000000000000000000000083
:108DF0000000000000000000000000000000000073
:108E00000000000000000000000000000000000062
:108E10000000000000000000000000000000000052
:108E20000000000000000000000000000000000042
:108E30000000000000000000000000000000000032
:108E40000000000000000000000000000000000022
:108E50000000000000000000000000000000000012
:108E60000000000000000000000000000000000002
:108E700000000000000000000000000000000000F2
:108E800000000000000000000000000000000000E2
:108E900000000000000000000000000000000000D2
:108EA00000000000000000000000000000000000C2
:108EB00000000000000000000000000000000000B2
:108EC00000000000000000000000000000000000A2
:108ED0000000000000000000000000000000000092
:108EE0000000000000000000000000000000000082
:108EF0000000000000000000000000000000000072
:108F00000000000000000000000000000000000061
:108F10000000000000000000000000000000000051
:108F20000000000000000000000000000000000041
:108F30000000000000000000000000000000000031
:108F40000000000000000000000000000000000021
:108F50000000000000000000000000000000000011
:108F60000000000000000000000000000000000001
:108F700000000000000000000000000000000000F1
:108F800000000000000000000000000000000000E1
:108F900000000000000000000000000000000000D1
:108FA00000000000000000000000000000000000C1
:108FB00000000000000000000000000000000000B1
:108FC00000000000000000000000000000000000A1
:108FD0000000000000000000000000000000000091
:108FE0000000000000000000000000000000000081
:108FF0000000000000000000000000000000000071
:109000000000000000000000000000000000000060
:109010000000000000000000000000000000000050
:109020000000000000000000000000000000000040
:109030000000000000000000000000000000000030
:109040000000000000000000000000000000000020
:109050000000000000000000000000000000000010
:109060000000000000000000000000000000000000
:1090700000000000000000000000000000000000F0
:1090800000000000000000000000000000000000E0
:1090900000000000000000000000000000000000D0
:1090A00000000000000000000000000000000000C0
:1090B00000000000000000000000000000000000B0
:1090C00000000000000000000000000000000000A0
:1090D0000000000000000000000000000000000090
:1090E0000000000000000000000000000000000080
:1090F0000000000000000000000000000000000070
:10910000000000000000000000000000000000005F
:10911000000000000000000000000000000000004F
:10912000000000000000000000000000000000003F
:10913000000000000000000000000000000000002F
:10914000000000000000000000000000000000001F
:10915000000000000000000000000000000000000F
:1091600000000000000000000000000000000000FF
:1091700000000000000000000000000000000000EF
:1091800000000000000000000000000000000000DF
:1091900000000000000000000000000000000000CF
:1091A00000000000000000000000000000000000BF
:1091B00000000000000000000000000000000000AF
:1091C000000000000000000000000000000000009F
:1091D000000000000000000000000000000000008F
:1091E000000000000000000000000000000000007F
:1091F000000000000000000000000000000000006F
:10920000000000000000000000000000000000005E
:10921000000000000000000000000000000000004E
:10922000000000000000000000000000000000003E
:10923000000000000000000000000000000000002E
:10924000000000000000000000000000000000001E
:10925000000000000000000000000000000000000E
:1092600000000000000000000000000000000000FE
:1092700000000000000000000000000000000000EE
:1092800000000000000000000000000000000000DE
:1092900000000000000000000000000000000000CE
:1092A00000000000000000000000000000000000BE
:1092B00000000000000000000000000000000000AE
:1092C000000000000000000000000000000000009E
:1092D000000000000000000000000000000000008E
:1092E000000000000000000000000000000000007E
:1092F000000000000000000000000000000000006E
:10930000000000000000000000000000000000005D
:10931000000000000000000000000000000000004D
:10932000000000000000000000000000000000003D
:10933000000000000000000000000000000000002D
:10934000000000000000000000000000000000001D
:10935000000000000000000000000000000000000D
:1093600000000000000000000000000000000000FD
:1093700000000000000000000000000000000000ED
:1093800000000000000000000000000000000000DD
:1093900000000000000000000000000000000000CD
:1093A00000000000000000000000000000000000BD
:1093B00000000000000000000000000000000000AD
:1093C000000000000000000000000000000000009D
:1093D000000000000000000000000000000000008D
:1093E000000000000000000000000000000000007D
:1093F000000000000000000000000000000000006D
:10940000000000000000000000000000000000005C
:10941000000000000000000000000000000000004C
:10942000000000000000000000000000000000003C
:10943000000000000000000000000000000000002C
:10944000000000000000000000000000000000001C
:10945000000000000000000000000000000000000C
:1094600000000000000000000000000000000000FC
:1094700000000000000000000000000000000000EC
:1094800000000000000000000000000000000000DC
:1094900000000000000000000000000000000000CC
:1094A00000000000000000000000000000000000BC
:1094B00000000000000000000000000000000000AC
:1094C000000000000000000000000000000000009C
:1094D000000000000000000000000000000000008C
:1094E000000000000000000000000000000000007C
:1094F000000000000000000000000000000000006C
:10950000000000000000000000000000000000005B
:10951000000000000000000000000000000000004B
:10952000000000000000000000000000000000003B
:10953000000000000000000000000000000000002B
:10954000000000000000000000000000000000001B
:10955000000000000000000000000000000000000B
:1095600000000000000000000000000000000000FB
:1095700000000000000000000000000000000000EB
:1095800000000000000000000000000000000000DB
:1095900000000000000000000000000000000000CB
:1095A00000000000000000000000000000000000BB
:1095B00000000000000000000000000000000000AB
:1095C000000000000000000000000000000000009B
:1095D000000000000000000000000000000000008B
:1095E000000000000000000000000000000000007B
:1095F000000000000000000000000000000000006B
:10960000000000000000000000000000000000005A
:10961000000000000000000000000000000000004A
:10962000000000000000000000000000000000003A
:10963000000000000000000000000000000000002A
:10964000000000000000000000000000000000001A
:10965000000000000000000000000000000000000A
:1096600000000000000000000000000000000000FA
:1096700000000000000000000000000000000000EA
:1096800000000000000000000000000000000000DA
:1096900000000000000000000000000000000000CA
:1096A00000000000000000000000000000000000BA
:1096B00000000000000000000000000000000000AA
:1096C000000000000000000000000000000000009A
:1096D000000000000000000000000000000000008A
:1096E000000000000000000000000000000000007A
:1096F000000000000000000000000000000000006A
:109700000000000000000000000000000000000059
:109710000000000000000000000000000000000049
:109720000000000000000000000000000000000039
:109730000000000000000000000000000000000029
:109740000000000000000000000000000000000019
:109750000000000000000000000000000000000009
:1097600000000000000000000000000000000000F9
:1097700000000000000000000000000000000000E9
:1097800000000000000000000000000000000000D9
:1097900000000000000000000000000000000000C9
:1097A00000000000000000000000000000000000B9
:1097B00000000000000000000000000000000000A9
:1097C0000000000000000000000000000000000099
:1097D0000000000000000000000000000000000089
:1097E0000000000000000000000000000000000079
:1097F0000000000000000000000000000000000069
:109800000000000000000000000000000000000058
:109810000000000000000000000000000000000048
:109820000000000000000000000000000000000038
:109830000000000000000000000000000000000028
:109840000000000000000000000000000000000018
:109850000000000000000000000000000000000008
:1098600000000000000000000000000000000000F8
:1098700000000000000000000000000000000000E8
:1098800000000000000000000000000000000000D8
:1098900000000000000000000000000000000000C8
:1098A00000000000000000000000000000000000B8
:1098B00000000000000000000000000000000000A8
:1098C0000000000000000000000000000000000098
:1098D0000000000000000000000000000000000088
:1098E0000000000000000000000000000000000078
:1098F0000000000000000000000000000000000068
:109900000000000000000000000000000000000057
:109910000000000000000000000000000000000047
:109920000000000000000000000000000000000037
:109930000000000000000000000000000000000027
:109940000000000000000000000000000000000017
:109950000000000000000000000000000000000007
:1099600000000000000000000000000000000000F7
:1099700000000000000000000000000000000000E7
:1099800000000000000000000000000000000000D7
:1099900000000000000000000000000000000000C7
:1099A00000000000000000000000000000000000B7
:1099B00000000000000000000000000000000000A7
:1099C0000000000000000000000000000000000097
:1099D0000000000000000000000000000000000087
:1099E0000000000000000000000000000000000077
:1099F0000000000000000000000000000000000067
:109A00000000000000000000000000000000000056
:109A10000000000000000000000000000000000046
:109A20000000000000000000000000000000000036
:109A30000000000000000000000000000000000026
:109A40000000000000000000000000000000000016
:109A50000000000000000000000000000000000006
:109A600000000000000000000000000000000000F6
:109A700000000000000000000000000000000000E6
:109A800000000000000000000000000000000000D6
:109A900000000000000000000000000000000000C6
:109AA00000000000000000000000000000000000B6
:109AB00000000000000000000000000000000000A6
:109AC0000000000000000000000000000000000096
:109AD0000000000000000000000000000000000086
:109AE0000000000000000000000000000000000076
:109AF0000000000000000000000000000000000066
:109B00000000000000000000000000000000000055
:109B10000000000000000000000000000000000045
:109B20000000000000000000000000000000000035
:109B30000000000000000000000000000000000025
:109B40000000000000000000000000000000000015
:109B50000000000000000000000000000000000005
:109B600000000000000000000000000000000000F5
:109B700000000000000000000000000000000000E5
:109B800000000000000000000000000000000000D5
:109B900000000000000000000000000000000000C5
:109BA00000000000000000000000000000000000B5
:109BB00000000000000000000000000000000000A5
:109BC0000000000000000000000000000000000095
:109BD0000000000000000000000000000000000085
:109BE0000000000000000000000000000000000075
:109BF0000000000000000000000000000000000065
:109C00000000000000000000000000000000000054
:109C10000000000000000000000000000000000044
:109C20000000000000000000000000000000000034
:109C30000000000000000000000000000000000024
:109C40000000000000000000000000000000000014
:109C50000000000000000000000000000000000004
:109C600000000000000000000000000000000000F4
:109C700000000000000000000000000000000000E4
:109C800000000000000000000000000000000000D4
:109C900000000000000000000000000000000000C4
:109CA00000000000000000000000000000000000B4
:109CB00000000000000000000000000000000000A4
:109CC0000000000000000000000000000000000094
:109CD0000000000000000000000000000000000084
:109CE0000000000000000000000000000000000074
:109CF0000000000000000000000000000000000064
:109D00000000000000000000000000000000000053
:109D10000000000000000000000000000000000043
:109D20000000000000000000000000000000000033
:109D30000000000000000000000000000000000023
:109D40000000000000000000000000000000000013
:109D50000000000000000000000000000000000003
:109D600000000000000000000000000000000000F3
:109D700000000000000000000000000000000000E3
:109D800000000000000000000000000000000000D3
:109D900000000000000000000000000000000000C3
:109DA00000000000000000000000000000000000B3
:109DB00000000000000000000000000000000000A3
:109DC0000000000000000000000000000000000093
:109DD0000000000000000000000000000000000083
:109DE0000000000000000000000000000000000073
:109DF0000000000000000000000000000000000063
:109E00000000000000000000000000000000000052
:109E10000000000000000000000000000000000042
:109E20000000000000000000000000000000000032
:109E30000000000000000000000000000000000022
:109E40000000000000000000000000000000000012
:109E50000000000000000000000000000000000002
:109E600000000000000000000000000000000000F2
:109E700000000000000000000000000000000000E2
:109E800000000000000000000000000000000000D2
:109E900000000000000000000000000000000000C2
:109EA00000000000000000000000000000000000B2
:109EB00000000000000000000000000000000000A2
:109EC0000000000000000000000000000000000092
:109ED0000000000000000000000000000000000082
:109EE0000000000000000000000000000000000072
:109EF0000000000000000000000000000000000062
:109F00000000000000000000000000000000000051
:109F10000000000000000000000000000000000041
:109F20000000000000000000000000000000000031
:109F30000000000000000000000000000000000021
:109F40000000000000000000000000000000000011
:109F50000000000000000000000000000000000001
:109F600000000000000000000000000000000000F1
:109F700000000000000000000000000000000000E1
:109F800000000000000000000000000000000000D1
:109F900000000000000000000000000000000000C1
:109FA00000000000000000000000000000000000B1
:109FB00000000000000000000000000000000000A1
:109FC0000000000000000000000000000000000091
:109FD0000000000000000000000000000000000081
:109FE0000000000000000000000000000000000071
:109FF0000000000000000000000000000000000061
:10A000000000000000000000000000000000000050
:10A010000000000000000000000000000000000040
:10A020000000000000000000000000000000000030
:10A030000000000000000000000000000000000020
:10A040000000000000000000000000000000000010
:10A050000000000000000000000000000000000000
:10A0600000000000000000000000000000000000F0
:10A0700000000000000000000000000000000000E0
:10A0800000000000000000000000000000000000D0
:10A0900000000000000000000000000000000000C0
:10A0A00000000000000000000000000000000000B0
:10A0B00000000000000000000000000000000000A0
:10A0C0000000000000000000000000000000000090
:10A0D0000000000000000000000000000000000080
:10A0E0000000000000000000000000000000000070
:10A0F0000000000000000000000000000000000060
:10A10000000000000000000000000000000000004F
:10A11000000000000000000000000000000000003F
:10A12000000000000000000000000000000000002F
:10A13000000000000000000000000000000000001F
:10A14000000000000000000000000000000000000F
:10A1500000000000000000000000000000000000FF
:10A1600000000000000000000000000000000000EF
:10A1700000000000000000000000000000000000DF
:10A1800000000000000000000000000000000000CF
:10A1900000000000000000000000000000000000BF
:10A1A00000000000000000000000000000000000AF
:10A1B000000000000000000000000000000000009F
:10A1C000000000000000000000000000000000008F
:10A1D000000000000000000000000000000000007F
:10A1E000000000000000000000000000000000006F
:10A1F000000000000000000000000000000000005F
:10A20000000000000000000000000000000000004E
:10A21000000000000000000000000000000000003E
:10A22000000000000000000000000000000000002E
:10A23000000000000000000000000000000000001E
:10A24000000000000000000000000000000000000E
:10A2500000000000000000000000000000000000FE
:10A2600000000000000000000000000000000000EE
:10A2700000000000000000000000000000000000DE
:10A2800000000000000000000000000000000000CE
:10A2900000000000000000000000000000000000BE
:10A2A00000000000000000000000000000000000AE
:10A2B000000000000000000000000000000000009E
:10A2C000000000000000000000000000000000008E
:10A2D000000000000000000000000000000000007E
:10A2E000000000000000000000000000000000006E
:10A2F000000000000000000000000000000000005E
:10A30000000000000000000000000000000000004D
:10A31000000000000000000000000000000000003D
:10A32000000000000000000000000000000000002D
:10A33000000000000000000000000000000000001D
:10A34000000000000000000000000000000000000D
:10A3500000000000000000000000000000000000FD
:10A3600000000000000000000000000000000000ED
:10A3700000000000000000000000000000000000DD
:10A3800000000000000000000000000000000000CD
:10A3900000000000000000000000000000000000BD
:10A3A00000000000000000000000000000000000AD
:10A3B000000000000000000000000000000000009D
:10A3C000000000000000000000000000000000008D
:10A3D000000000000000000000000000000000007D
:10A3E000000000000000000000000000000000006D
:10A3F000000000000000000000000000000000005D
:10A40000000000000000000000000000000000004C
:10A41000000000000000000000000000000000003C
:10A42000000000000000000000000000000000002C
:10A43000000000000000000000000000000000001C
:10A44000000000000000000000000000000000000C
:10A4500000000000000000000000000000000000FC
:10A4600000000000000000000000000000000000EC
:10A4700000000000000000000000000000000000DC
:10A4800000000000000000000000000000000000CC
:10A4900000000000000000000000000000000000BC
:10A4A00000000000000000000000000000000000AC
:10A4B000000000000000000000000000000000009C
:10A4C000000000000000000000000000000000008C
:10A4D000000000000000000000000000000000007C
:10A4E000000000000000000000000000000000006C
:10A4F000000000000000000000000000000000005C
:10A50000000000000000000000000000000000004B
:10A51000000000000000000000000000000000003B
:10A52000000000000000000000000000000000002B
:10A53000000000000000000000000000000000001B
:10A54000000000000000000000000000000000000B
:10A5500000000000000000000000000000000000FB
:10A5600000000000000000000000000000000000EB
:10A5700000000000000000000000000000000000DB
:10A5800000000000000000000000000000000000CB
:10A5900000000000000000000000000000000000BB
:10A5A00000000000000000000000000000000000AB
:10A5B000000000000000000000000000000000009B
:10A5C000000000000000000000000000000000008B
:10A5D000000000000000000000000000000000007B
:10A5E000000000000000000000000000000000006B
:10A5F000000000000000000000000000000000005B
:10A60000000000000000000000000000000000004A
:10A61000000000000000000000000000000000003A
:10A62000000000000000000000000000000000002A
:10A63000000000000000000000000000000000001A
:10A64000000000000000000000000000000000000A
:10A6500000000000000000000000000000000000FA
:10A6600000000000000000000000000000000000EA
:10A6700000000000000000000000000000000000DA
:10A6800000000000000000000000000000000000CA
:10A6900000000000000000000000000000000000BA
:10A6A00000000000000000000000000000000000AA
:10A6B000000000000000000000000000000000009A
:10A6C000000000000000000000000000000000008A
:10A6D000000000000000000000000000000000007A
:10A6E000000000000000000000000000000000006A
:10A6F000000000000000000000000000000000005A
:10A700000000000000000000000000000000000049
:10A710000000000000000000000000000000000039
:10A720000000000000000000000000000000000029
:10A730000000000000000000000000000000000019
:10A740000000000000000000000000000000000009
:10A7500000000000000000000000000000000000F9
:10A7600000000000000000000000000000000000E9
:10A7700000000000000000000000000000000000D9
:10A7800000000000000000000000000000000000C9
:10A7900000000000000000000000000000000000B9
:10A7A00000000000000000000000000000000000A9
:10A7B0000000000000000000000000000000000099
:10A7C0000000000000000000000000000000000089
:10A7D0000000000000000000000000000000000079
:10A7E0000000000000000000000000000000000069
:10A7F0000000000000000000000000000000000059
:10A800000000000000000000000000000000000048
:10A810000000000000000000000000000000000038
:10A820000000000000000000000000000000000028
:10A830000000000000000000000000000000000018
:10A840000000000000000000000000000000000008
:10A8500000000000000000000000000000000000F8
:10A8600000000000000000000000000000000000E8
:10A8700000000000000000000000000000000000D8
:10A8800000000000000000000000000000000000C8
:10A8900000000000000000000000000000000000B8
:10A8A00000000000000000000000000000000000A8
:10A8B0000000000000000000000000000000000098
:10A8C0000000000000000000000000000000000088
:10A8D0000000000000000000000000000000000078
:10A8E0000000000000000000000000000000000068
:10A8F0000000000000000000000000000000000058
:10A900000000000000000000000000000000000047
:10A910000000000000000000000000000000000037
:10A920000000000000000000000000000000000027
:10A930000000000000000000000000000000000017
:10A940000000000000000000000000000000000007
:10A9500000000000000000000000000000000000F7
:10A9600000000000000000000000000000000000E7
:10A9700000000000000000000000000000000000D7
:10A9800000000000000000000000000000000000C7
:10A9900000000000000000000000000000000000B7
:10A9A00000000000000000000000000000000000A7
:10A9B0000000000000000000000000000000000097
:10A9C0000000000000000000000000000000000087
:10A9D0000000000000000000000000000000000077
:10A9E0000000000000000000000000000000000067
:10A9F0000000000000000000000000000000000057
:10AA00000000000000000000000000000000000046
:10AA10000000000000000000000000000000000036
:10AA20000000000000000000000000000000000026
:10AA30000000000000000000000000000000000016
:10AA40000000000000000000000000000000000006
:10AA500000000000000000000000000000000000F6
:10AA600000000000000000000000000000000000E6
:10AA700000000000000000000000000000000000D6
:10AA800000000000000000000000000000000000C6
:10AA900000000000000000000000000000000000B6
:10AAA00000000000000000000000000000000000A6
:10AAB0000000000000000000000000000000000096
:10AAC0000000000000000000000000000000000086
:10AAD0000000000000000000000000000000000076
:10AAE0000000000000000000000000000000000066
:10AAF0000000000000000000000000000000000056
:10AB00000000000000000000000000000000000045
:10AB10000000000000000000000000000000000035
:10AB20000000000000000000000000000000000025
:10AB30000000000000000000000000000000000015
:10AB40000000000000000000000000000000000005
:10AB500000000000000000000000000000000000F5
:10AB600000000000000000000000000000000000E5
:10AB700000000000000000000000000000000000D5
:10AB800000000000000000000000000000000000C5
:10AB900000000000000000000000000000000000B5
:10ABA00000000000000000000000000000000000A5
:10ABB0000000000000000000000000000000000095
:10ABC0000000000000000000000000000000000085
:10ABD0000000000000000000000000000000000075
:10ABE0000000000000000000000000000000000065
:10ABF0000000000000000000000000000000000055
:10AC00000000000000000000000000000000000044
:10AC10000000000000000000000000000000000034
:10AC20000000000000000000000000000000000024
:10AC30000000000000000000000000000000000014
:10AC40000000000000000000000000000000000004
:10AC500000000000000000000000000000000000F4
:10AC600000000000000000000000000000000000E4
:10AC700000000000000000000000000000000000D4
:10AC800000000000000000000000000000000000C4
:10AC900000000000000000000000000000000000B4
:10ACA00000000000000000000000000000000000A4
:10ACB0000000000000000000000000000000000094
:10ACC0000000000000000000000000000000000084
:10ACD0000000000000000000000000000000000074
:10ACE0000000000000000000000000000000000064
:10ACF0000000000000000000000000000000000054
:10AD00000000000000000000000000000000000043
:10AD10000000000000000000000000000000000033
:10AD20000000000000000000000000000000000023
:10AD30000000000000000000000000000000000013
:10AD40000000000000000000000000000000000003
:10AD500000000000000000000000000000000000F3
:10AD600000000000000000000000000000000000E3
:10AD700000000000000000000000000000000000D3
:10AD800000000000000000000000000000000000C3
:10AD900000000000000000000000000000000000B3
:10ADA00000000000000000000000000000000000A3
:10ADB0000000000000000000000000000000000093
:10ADC0000000000000000000000000000000000083
:10ADD0000000000000000000000000000000000073
:10ADE0000000000000000000000000000000000063
:10ADF0000000000000000000000000000000000053
:10AE00000000000000000000000000000000000042
:10AE10000000000000000000000000000000000032
:10AE20000000000000000000000000000000000022
:10AE30000000000000000000000000000000000012
:10AE40000000000000000000000000000000000002
:10AE500000000000000000000000000000000000F2
:10AE600000000000000000000000000000000000E2
:10AE700000000000000000000000000000000000D2
:10AE800000000000000000000000000000000000C2
:10AE900000000000000000000000000000000000B2
:10AEA00000000000000000000000000000000000A2
:10AEB0000000000000000000000000000000000092
:10AEC0000000000000000000000000000000000082
:10AED0000000000000000000000000000000000072
:10AEE0000000000000000000000000000000000062
:10AEF0000000000000000000000000000000000052
:10AF00000000000000000000000000000000000041
:10AF10000000000000000000000000000000000031
:10AF20000000000000000000000000000000000021
:10AF30000000000000000000000000000000000011
:10AF40000000000000000000000000000000000001
:10AF500000000000000000000000000000000000F1
:10AF600000000000000000000000000000000000E1
:10AF700000000000000000000000000000000000D1
:10AF800000000000000000000000000000000000C1
:10AF900000000000000000000000000000000000B1
:10AFA00000000000000000000000000000000000A1
:10AFB0000000000000000000000000000000000091
:10AFC0000000000000000000000000000000000081
:10AFD0000000000000000000000000000000000071
:10AFE0000000000000000000000000000000000061
:10AFF0000000000000000000000000000000000051
:10B000000000000000000000000000000000000040
:10B010000000000000000000000000000000000030
:10B020000000000000000000000000000000000020
:10B030000000000000000000000000000000000010
:10B040000000000000000000000000000000000000
:10B0500000000000000000000000000000000000F0
:10B0600000000000000000000000000000000000E0
:10B0700000000000000000000000000000000000D0
:10B0800000000000000000000000000000000000C0
:10B0900000000000000000000000000000000000B0
:10B0A00000000000000000000000000000000000A0
:10B0B0000000000000000000000000000000000090
:10B0C0000000000000000000000000000000000080
:10B0D0000000000000000000000000000000000070
:10B0E0000000000000000000000000000000000060
:10B0F0000000000000000000000000000000000050
:10B10000000000000000000000000000000000003F
:10B11000000000000000000000000000000000002F
:10B12000000000000000000000000000000000001F
:10B13000000000000000000000000000000000000F
:10B1400000000000000000000000000000000000FF
:10B1500000000000000000000000000000000000EF
:10B1600000000000000000000000000000000000DF
:10B1700000000000000000000000000000000000CF
:10B1800000000000000000000000000000000000BF
:10B1900000000000000000000000000000000000AF
:10B1A000000000000000000000000000000000009F
:10B1B000000000000000000000000000000000008F
:10B1C000000000000000000000000000000000007F
:10B1D000000000000000000000000000000000006F
:10B1E000000000000000000000000000000000005F
:10B1F000000000000000000000000000000000004F
:10B20000000000000000000000000000000000003E
:10B21000000000000000000000000000000000002E
:10B22000000000000000000000000000000000001E
:10B23000000000000000000000000000000000000E
:10B2400000000000000000000000000000000000FE
:10B2500000000000000000000000000000000000EE
:10B2600000000000000000000000000000000000DE
:10B2700000000000000000000000000000000000CE
:10B2800000000000000000000000000000000000BE
:10B2900000000000000000000000000000000000AE
:10B2A000000000000000000000000000000000009E
:10B2B000000000000000000000000000000000008E
:10B2C000000000000000000000000000000000007E
:10B2D000000000000000000000000000000000006E
:10B2E000000000000000000000000000000000005E
:10B2F000000000000000000000000000000000004E
:10B30000000000000000000000000000000000003D
:10B31000000000000000000000000000000000002D
:10B32000000000000000000000000000000000001D
:10B33000000000000000000000000000000000000D
:10B3400000000000000000000000000000000000FD
:10B3500000000000000000000000000000000000ED
:10B3600000000000000000000000000000000000DD
:10B3700000000000000000000000000000000000CD
:10B3800000000000000000000000000000000000BD
:10B3900000000000000000000000000000000000AD
:10B3A000000000000000000000000000000000009D
:10B3B000000000000000000000000000000000008D
:10B3C000000000000000000000000000000000007D
:10B3D000000000000000000000000000000000006D
:10B3E000000000000000000000000000000000005D
:10B3F000000000000000000000000000000000004D
:10B40000000000000000000000000000000000003C
:10B41000000000000000000000000000000000002C
:10B42000000000000000000000000000000000001C
:10B43000000000000000000000000000000000000C
:10B4400000000000000000000000000000000000FC
:10B4500000000000000000000000000000000000EC
:10B4600000000000000000000000000000000000DC
:10B4700000000000000000000000000000000000CC
:10B4800000000000000000000000000000000000BC
:10B4900000000000000000000000000000000000AC
:10B4A000000000000000000000000000000000009C
:10B4B000000000000000000000000000000000008C
:10B4C000000000000000000000000000000000007C
:10B4D000000000000000000000000000000000006C
:10B4E000000000000000000000000000000000005C
:10B4F000000000000000000000000000000000004C
:10B50000000000000000000000000000000000003B
:10B51000000000000000000000000000000000002B
:10B52000000000000000000000000000000000001B
:10B53000000000000000000000000000000000000B
:10B5400000000000000000000000000000000000FB
:10B5500000000000000000000000000000000000EB
:10B5600000000000000000000000000000000000DB
:10B5700000000000000000000000000000000000CB
:10B5800000000000000000000000000000000000BB
:10B5900000000000000000000000000000000000AB
:10B5A000000000000000000000000000000000009B
:10B5B000000000000000000000000000000000008B
:10B5C000000000000000000000000000000000007B
:10B5D000000000000000000000000000000000006B
:10B5E000000000000000000000000000000000005B
:10B5F000000000000000000000000000000000004B
:10B60000000000000000000000000000000000003A
:10B61000000000000000000000000000000000002A
:10B62000000000000000000000000000000000001A
:10B63000000000000000000000000000000000000A
:10B6400000000000000000000000000000000000FA
:10B6500000000000000000000000000000000000EA
:10B6600000000000000000000000000000000000DA
:10B6700000000000000000000000000000000000CA
:10B6800000000000000000000000000000000000BA
:10B6900000000000000000000000000000000000AA
:10B6A000000000000000000000000000000000009A
:10B6B000000000000000000000000000000000008A
:10B6C000000000000000000000000000000000007A
:10B6D000000000000000000000000000000000006A
:10B6E000000000000000000000000000000000005A
:10B6F000000000000000000000000000000000004A
:10B700000000000000000000000000000000000039
:10B710000000000000000000000000000000000029
:10B720000000000000000000000000000000000019
:10B730000000000000000000000000000000000009
:10B7400000000000000000000000000000000000F9
:10B7500000000000000000000000000000000000E9
:10B7600000000000000000000000000000000000D9
:10B7700000000000000000000000000000000000C9
:10B7800000000000000000000000000000000000B9
:10B7900000000000000000000000000000000000A9
:10B7A0000000000000000000000000000000000099
:10B7B0000000000000000000000000000000000089
:10B7C0000000000000000000000000000000000079
:10B7D0000000000000000000000000000000000069
:10B7E0000000000000000000000000000000000059
:10B7F0000000000000000000000000000000000049
:10B800000000000000000000000000000000000038
:10B810000000000000000000000000000000000028
:10B820000000000000000000000000000000000018
:10B830000000000000000000000000000000000008
:10B8400000000000000000000000000000000000F8
:10B8500000000000000000000000000000000000E8
:10B8600000000000000000000000000000000000D8
:10B8700000000000000000000000000000000000C8
:10B8800000000000000000000000000000000000B8
:10B8900000000000000000000000000000000000A8
:10B8A0000000000000000000000000000000000098
:10B8B0000000000000000000000000000000000088
:10B8C0000000000000000000000000000000000078
:10B8D0000000000000000000000000000000000068
:10B8E0000000000000000000000000000000000058
:10B8F0000000000000000000000000000000000048
:10B900000000000000000000000000000000000037
:10B910000000000000000000000000000000000027
:10B920000000000000000000000000000000000017
:10B930000000000000000000000000000000000007
:10B9400000000000000000000000000000000000F7
:10B9500000000000000000000000000000000000E7
:10B9600000000000000000000000000000000000D7
:10B9700000000000000000000000000000000000C7
:10B9800000000000000000000000000000000000B7
:10B9900000000000000000000000000000000000A7
:10B9A0000000000000000000000000000000000097
:10B9B0000000000000000000000000000000000087
:10B9C0000000000000000000000000000000000077
:10B9D0000000000000000000000000000000000067
:10B9E0000000000000000000000000000000000057
:10B9F0000000000000000000000000000000000047
:10BA00000000000000000000000000000000000036
:10BA10000000000000000000000000000000000026
:10BA20000000000000000000000000000000000016
:10BA30000000000000000000000000000000000006
:10BA400000000000000000000000000000000000F6
:10BA500000000000000000000000000000000000E6
:10BA600000000000000000000000000000000000D6
:10BA700000000000000000000000000000000000C6
:10BA800000000000000000000000000000000000B6
:10BA900000000000000000000000000000000000A6
:10BAA0000000000000000000000000000000000096
:10BAB0000000000000000000000000000000000086
:10BAC0000000000000000000000000000000000076
:10BAD0000000000000000000000000000000000066
:10BAE0000000000000000000000000000000000056
:10BAF0000000000000000000000000000000000046
:10BB00000000000000000000000000000000000035
:10BB10000000000000000000000000000000000025
:10BB20000000000000000000000000000000000015
:10BB30000000000000000000000000000000000005
:10BB400000000000000000000000000000000000F5
:10BB500000000000000000000000000000000000E5
:10BB600000000000000000000000000000000000D5
:10BB700000000000000000000000000000000000C5
:10BB800000000000000000000000000000000000B5
:10BB900000000000000000000000000000000000A5
:10BBA0000000000000000000000000000000000095
:10BBB0000000000000000000000000000000000085
:10BBC0000000000000000000000000000000000075
:10BBD0000000000000000000000000000000000065
:10BBE0000000000000000000000000000000000055
:10BBF0000000000000000000000000000000000045
:10BC00000000000000000000000000000000000034
:10BC10000000000000000000000000000000000024
:10BC20000000000000000000000000000000000014
:10BC30000000000000000000000000000000000004
:10BC400000000000000000000000000000000000F4
:10BC500000000000000000000000000000000000E4
:10BC600000000000000000000000000000000000D4
:10BC700000000000000000000000000000000000C4
:10BC800000000000000000000000000000000000B4
:10BC900000000000000000000000000000000000A4
:10BCA0000000000000000000000000000000000094
:10BCB0000000000000000000000000000000000084
:10BCC0000000000000000000000000000000000074
:10BCD0000000000000000000000000000000000064
:10BCE0000000000000000000000000000000000054
:10BCF0000000000000000000000000000000000044
:10BD00000000000000000000000000000000000033
:10BD10000000000000000000000000000000000023
:10BD20000000000000000000000000000000000013
:10BD30000000000000000000000000000000000003
:10BD400000000000000000000000000000000000F3
:10BD500000000000000000000000000000000000E3
:10BD600000000000000000000000000000000000D3
:10BD700000000000000000000000000000000000C3
:10BD800000000000000000000000000000000000B3
:10BD900000000000000000000000000000000000A3
:10BDA0000000000000000000000000000000000093
:10BDB0000000000000000000000000000000000083
:10BDC0000000000000000000000000000000000073
:10BDD0000000000000000000000000000000000063
:10BDE0000000000000000000000000000000000053
:10BDF0000000000000000000000000000000000043
:10BE00000000000000000000000000000000000032
:10BE10000000000000000000000000000000000022
:10BE20000000000000000000000000000000000012
:10BE30000000000000000000000000000000000002
:10BE400000000000000000000000000000000000F2
:10BE500000000000000000000000000000000000E2
:10BE600000000000000000000000000000000000D2
:10BE700000000000000000000000000000000000C2
:10BE800000000000000000000000000000000000B2
:10BE900000000000000000000000000000000000A2
:10BEA0000000000000000000000000000000000092
:10BEB0000000000000000000000000000000000082
:10BEC0000000000000000000000000000000000072
:10BED0000000000000000000000000000000000062
:10BEE0000000000000000000000000000000000052
:10BEF0000000000000000000000000000000000042
:10BF00000000000000000000000000000000000031
:10BF10000000000000000000000000000000000021
:10BF20000000000000000000000000000000000011
:10BF30000000000000000000000000000000000001
:10BF400000000000000000000000000000000000F1
:10BF500000000000000000000000000000000000E1
:10BF600000000000000000000000000000000000D1
:10BF700000000000000000000000000000000000C1
:10BF800000000000000000000000000000000000B1
:10BF900000000000000000000000000000000000A1
:10BFA0000000000000000000000000000000000091
:10BFB0000000000000000000000000000000000081
:10BFC0000000000000000000000000000000000071
:10BFD0000000000000000000000000000000000061
:10BFE0000000000000000000000000000000000051
:10BFF0000000000000000000000000000000000041
:10C000000000000000000000000000000000000030
:10C010000000000000000000000000000000000020
:10C020000000000000000000000000000000000010
:10C030000000000000000000000000000000000000
:10C0400000000000000000000000000000000000F0
:10C0500000000000000000000000000000000000E0
:10C0600000000000000000000000000000000000D0
:10C0700000000000000000000000000000000000C0
:10C0800000000000000000000000000000000000B0
:10C0900000000000000000000000000000000000A0
:10C0A0000000000000000000000000000000000090
:10C0B0000000000000000000000000000000000080
:10C0C0000000000000000000000000000000000070
:10C0D0000000000000000000000000000000000060
:10C0E0000000000000000000000000000000000050
:10C0F0000000000000000000000000000000000040
:10C10000000000000000000000000000000000002F
:10C11000000000000000000000000000000000001F
:10C12000000000000000000000000000000000000F
:10C1300000000000000000000000000000000000FF
:10C1400000000000000000000000000000000000EF
:10C1500000000000000000000000000000000000DF
:10C1600000000000000000000000000000000000CF
:10C1700000000000000000000000000000000000BF
:10C1800000000000000000000000000000000000AF
:10C19000000000000000000000000000000000009F
:10C1A000000000000000000000000000000000008F
:10C1B000000000000000000000000000000000007F
:10C1C000000000000000000000000000000000006F
:10C1D000000000000000000000000000000000005F
:10C1E000000000000000000000000000000000004F
:10C1F000000000000000000000000000000000003F
:10C20000000000000000000000000000000000002E
:10C21000000000000000000000000000000000001E
:10C22000000000000000000000000000000000000E
:10C2300000000000000000000000000000000000FE
:10C2400000000000000000000000000000000000EE
:10C2500000000000000000000000000000000000DE
:10C2600000000000000000000000000000000000CE
:10C2700000000000000000000000000000000000BE
:10C2800000000000000000000000000000000000AE
:10C29000000000000000000000000000000000009E
:10C2A000000000000000000000000000000000008E
:10C2B000000000000000000000000000000000007E
:10C2C000000000000000000000000000000000006E
:10C2D000000000000000000000000000000000005E
:10C2E000000000000000000000000000000000004E
:10C2F000000000000000000000000000000000003E
:10C30000000000000000000000000000000000002D
:10C31000000000000000000000000000000000001D
:10C32000000000000000000000000000000000000D
:10C3300000000000000000000000000000000000FD
:10C3400000000000000000000000000000000000ED
:10C3500000000000000000000000000000000000DD
:10C3600000000000000000000000000000000000CD
:10C3700000000000000000000000000000000000BD
:10C3800000000000000000000000000000000000AD
:10C39000000000000000000000000000000000009D
:10C3A000000000000000000000000000000000008D
:10C3B000000000000000000000000000000000007D
:10C3C000000000000000000000000000000000006D
:10C3D000000000000000000000000000000000005D
:10C3E000000000000000000000000000000000004D
:10C3F000000000000000000000000000000000003D
:10C40000000000000000000000000000000000002C
:10C41000000000000000000000000000000000001C
:10C42000000000000000000000000000000000000C
:10C4300000000000000000000000000000000000FC
:10C4400000000000000000000000000000000000EC
:10C4500000000000000000000000000000000000DC
:10C4600000000000000000000000000000000000CC
:10C4700000000000000000000000000000000000BC
:10C4800000000000000000000000000000000000AC
:10C49000000000000000000000000000000000009C
:10C4A000000000000000000000000000000000008C
:10C4B000000000000000000000000000000000007C
:10C4C000000000000000000000000000000000006C
:10C4D000000000000000000000000000000000005C
:10C4E000000000000000000000000000000000004C
:10C4F000000000000000000000000000000000003C
:10C50000000000000000000000000000000000002B
:10C51000000000000000000000000000000000001B
:10C52000000000000000000000000000000000000B
:10C5300000000000000000000000000000000000FB
:10C5400000000000000000000000000000000000EB
:10C5500000000000000000000000000000000000DB
:10C5600000000000000000000000000000000000CB
:10C5700000000000000000000000000000000000BB
:10C5800000000000000000000000000000000000AB
:10C59000000000000000000000000000000000009B
:10C5A000000000000000000000000000000000008B
:10C5B000000000000000000000000000000000007B
:10C5C000000000000000000000000000000000006B
:10C5D000000000000000000000000000000000005B
:10C5E000000000000000000000000000000000004B
:10C5F000000000000000000000000000000000003B
:10C60000000000000000000000000000000000002A
:10C61000000000000000000000000000000000001A
:10C62000000000000000000000000000000000000A
:10C6300000000000000000000000000000000000FA
:10C6400000000000000000000000000000000000EA
:10C6500000000000000000000000000000000000DA
:10C6600000000000000000000000000000000000CA
:10C6700000000000000000000000000000000000BA
:10C6800000000000000000000000000000000000AA
:10C69000000000000000000000000000000000009A
:10C6A000000000000000000000000000000000008A
:10C6B000000000000000000000000000000000007A
:10C6C000000000000000000000000000000000006A
:10C6D000000000000000000000000000000000005A
:10C6E000000000000000000000000000000000004A
:10C6F000000000000000000000000000000000003A
:10C700000000000000000000000000000000000029
:10C710000000000000000000000000000000000019
:10C720000000000000000000000000000000000009
:10C7300000000000000000000000000000000000F9
:10C7400000000000000000000000000000000000E9
:10C7500000000000000000000000000000000000D9
:10C7600000000000000000000000000000000000C9
:10C7700000000000000000000000000000000000B9
:10C7800000000000000000000000000000000000A9
:10C790000000000000000000000000000000000099
:10C7A0000000000000000000000000000000000089
:10C7B0000000000000000000000000000000000079
:10C7C0000000000000000000000000000000000069
:10C7D0000000000000000000000000000000000059
:10C7E0000000000000000000000000000000000049
:10C7F0000000000000000000000000000000000039
:10C800000000000000000000000000000000000028
:10C810000000000000000000000000000000000018
:10C820000000000000000000000000000000000008
:10C8300000000000000000000000000000000000F8
:10C8400000000000000000000000000000000000E8
:10C8500000000000000000000000000000000000D8
:10C8600000000000000000000000000000000000C8
:10C8700000000000000000000000000000000000B8
:10C8800000000000000000000000000000000000A8
:10C890000000000000000000000000000000000098
:10C8A0000000000000000000000000000000000088
:10C8B0000000000000000000000000000000000078
:10C8C0000000000000000000000000000000000068
:10C8D0000000000000000000000000000000000058
:10C8E0000000000000000000000000000000000048
:10C8F0000000000000000000000000000000000038
:10C900000000000000000000000000000000000027
:10C910000000000000000000000000000000000017
:10C920000000000000000000000000000000000007
:10C9300000000000000000000000000000000000F7
:10C9400000000000000000000000000000000000E7
:10C9500000000000000000000000000000000000D7
:10C9600000000000000000000000000000000000C7
:10C9700000000000000000000000000000000000B7
:10C9800000000000000000000000000000000000A7
:10C990000000000000000000000000000000000097
:10C9A0000000000000000000000000000000000087
:10C9B0000000000000000000000000000000000077
:10C9C0000000000000000000000000000000000067
:10C9D0000000000000000000000000000000000057
:10C9E0000000000000000000000000000000000047
:10C9F0000000000000000000000000000000000037
:10CA00000000000000000000000000000000000026
:10CA10000000000000000000000000000000000016
:10CA20000000000000000000000000000000000006
:10CA300000000000000000000000000000000000F6
:10CA400000000000000000000000000000000000E6
:10CA500000000000000000000000000000000000D6
:10CA600000000000000000000000000000000000C6
:10CA700000000000000000000000000000000000B6
:10CA800000000000000000000000000000000000A6
:10CA90000000000000000000000000000000000096
:10CAA0000000000000000000000000000000000086
:10CAB0000000000000000000000000000000000076
:10CAC0000000000000000000000000000000000066
:10CAD0000000000000000000000000000000000056
:10CAE0000000000000000000000000000000000046
:10CAF0000000000000000000000000000000000036
:10CB00000000000000000000000000000000000025
:10CB10000000000000000000000000000000000015
:10CB20000000000000000000000000000000000005
:10CB300000000000000000000000000000000000F5
:10CB400000000000000000000000000000000000E5
:10CB500000000000000000000000000000000000D5
:10CB600000000000000000000000000000000000C5
:10CB700000000000000000000000000000000000B5
:10CB800000000000000000000000000000000000A5
:10CB90000000000000000000000000000000000095
:10CBA0000000000000000000000000000000000085
:10CBB0000000000000000000000000000000000075
:10CBC0000000000000000000000000000000000065
:10CBD0000000000000000000000000000000000055
:10CBE0000000000000000000000000000000000045
:10CBF0000000000000000000000000000000000035
:10CC00000000000000000000000000000000000024
:10CC10000000000000000000000000000000000014
:10CC20000000000000000000000000000000000004
:10CC300000000000000000000000000000000000F4
:10CC400000000000000000000000000000000000E4
:10CC500000000000000000000000000000000000D4
:10CC600000000000000000000000000000000000C4
:10CC700000000000000000000000000000000000B4
:10CC800000000000000000000000000000000000A4
:10CC90000000000000000000000000000000000094
:10CCA0000000000000000000000000000000000084
:10CCB0000000000000000000000000000000000074
:10CCC0000000000000000000000000000000000064
:10CCD0000000000000000000000000000000000054
:10CCE0000000000000000000000000000000000044
:10CCF0000000000000000000000000000000000034
:10CD00000000000000000000000000000000000023
:10CD10000000000000000000000000000000000013
:10CD20000000000000000000000000000000000003
:10CD300000000000000000000000000000000000F3
:10CD400000000000000000000000000000000000E3
:10CD500000000000000000000000000000000000D3
:10CD600000000000000000000000000000000000C3
:10CD700000000000000000000000000000000000B3
:10CD800000000000000000000000000000000000A3
:10CD90000000000000000000000000000000000093
:10CDA0000000000000000000000000000000000083
:10CDB0000000000000000000000000000000000073
:10CDC0000000000000000000000000000000000063
:10CDD0000000000000000000000000000000000053
:10CDE0000000000000000000000000000000000043
:10CDF0000000000000000000000000000000000033
:10CE00000000000000000000000000000000000022
:10CE10000000000000000000000000000000000012
:10CE20000000000000000000000000000000000002
:10CE300000000000000000000000000000000000F2
:10CE400000000000000000000000000000000000E2
:10CE500000000000000000000000000000000000D2
:10CE600000000000000000000000000000000000C2
:10CE700000000000000000000000000000000000B2
:10CE800000000000000000000000000000000000A2
:10CE90000000000000000000000000000000000092
:10CEA0000000000000000000000000000000000082
:10CEB0000000000000000000000000000000000072
:10CEC0000000000000000000000000000000000062
:10CED0000000000000000000000000000000000052
:10CEE0000000000000000000000000000000000042
:10CEF0000000000000000000000000000000000032
:10CF00000000000000000000000000000000000021
:10CF10000000000000000000000000000000000011
:10CF20000000000000000000000000000000000001
:10CF300000000000000000000000000000000000F1
:10CF400000000000000000000000000000000000E1
:10CF500000000000000000000000000000000000D1
:10CF600000000000000000000000000000000000C1
:10CF700000000000000000000000000000000000B1
:10CF800000000000000000000000000000000000A1
:10CF90000000000000000000000000000000000091
:10CFA0000000000000000000000000000000000081
:10CFB0000000000000000000000000000000000071
:10CFC0000000000000000000000000000000000061
:10CFD0000000000000000000000000000000000051
:10CFE0000000000000000000000000000000000041
:10CFF0000000000000000000000000000000000031
:10D000000000000000000000000000000000000020
:10D010000000000000000000000000000000000010
:10D020000000000000000000000000000000000000
:10D0300000000000000000000000000000000000F0
:10D0400000000000000000000000000000000000E0
:10D0500000000000000000000000000000000000D0
:10D0600000000000000000000000000000000000C0
:10D0700000000000000000000000000000000000B0
:10D0800000000000000000000000000000000000A0
:10D090000000000000000000000000000000000090
:10D0A0000000000000000000000000000000000080
:10D0B0000000000000000000000000000000000070
:10D0C0000000000000000000000000000000000060
:10D0D0000000000000000000000000000000000050
:10D0E0000000000000000000000000000000000040
:10D0F0000000000000000000000000000000000030
:10D10000000000000000000000000000000000001F
:10D11000000000000000000000000000000000000F
:10D1200000000000000000000000000000000000FF
:10D1300000000000000000000000000000000000EF
:10D1400000000000000000000000000000000000DF
:10D1500000000000000000000000000000000000CF
:10D1600000000000000000000000000000000000BF
:10D1700000000000000000000000000000000000AF
:10D18000000000000000000000000000000000009F
:10D19000000000000000000000000000000000008F
:10D1A000000000000000000000000000000000007F
:10D1B000000000000000000000000000000000006F
:10D1C000000000000000000000000000000000005F
:10D1D000000000000000000000000000000000004F
:10D1E000000000000000000000000000000000003F
:10D1F000000000000000000000000000000000002F
:10D20000000000000000000000000000000000001E
:10D21000000000000000000000000000000000000E
:10D2200000000000000000000000000000000000FE
:10D2300000000000000000000000000000000000EE
:10D2400000000000000000000000000000000000DE
:10D2500000000000000000000000000000000000CE
:10D2600000000000000000000000000000000000BE
:10D2700000000000000000000000000000000000AE
:10D28000000000000000000000000000000000009E
:10D29000000000000000000000000000000000008E
:10D2A000000000000000000000000000000000007E
:10D2B000000000000000000000000000000000006E
:10D2C000000000000000000000000000000000005E
:10D2D000000000000000000000000000000000004E
:10D2E000000000000000000000000000000000003E
:10D2F000000000000000000000000000000000002E
:10D30000000000000000000000000000000000001D
:10D31000000000000000000000000000000000000D
:10D3200000000000000000000000000000000000FD
:10D3300000000000000000000000000000000000ED
:10D3400000000000000000000000000000000000DD
:10D3500000000000000000000000000000000000CD
:10D3600000000000000000000000000000000000BD
:10D3700000000000000000000000000000000000AD
:10D38000000000000000000000000000000000009D
:10D39000000000000000000000000000000000008D
:10D3A000000000000000000000000000000000007D
:10D3B000000000000000000000000000000000006D
:10D3C000000000000000000000000000000000005D
:10D3D000000000000000000000000000000000004D
:10D3E000000000000000000000000000000000003D
:10D3F000000000000000000000000000000000002D
:10D40000000000000000000000000000000000001C
:10D41000000000000000000000000000000000000C
:10D4200000000000000000000000000000000000FC
:10D4300000000000000000000000000000000000EC
:10D4400000000000000000000000000000000000DC
:10D4500000000000000000000000000000000000CC
:10D4600000000000000000000000000000000000BC
:10D4700000000000000000000000000000000000AC
:10D48000000000000000000000000000000000009C
:10D49000000000000000000000000000000000008C
:10D4A000000000000000000000000000000000007C
:10D4B000000000000000000000000000000000006C
:10D4C000000000000000000000000000000000005C
:10D4D000000000000000000000000000000000004C
:10D4E000000000000000000000000000000000003C
:10D4F000000000000000000000000000000000002C
:10D50000000000000000000000000000000000001B
:10D51000000000000000000000000000000000000B
:10D5200000000000000000000000000000000000FB
:10D5300000000000000000000000000000000000EB
:10D5400000000000000000000000000000000000DB
:10D5500000000000000000000000000000000000CB
:10D5600000000000000000000000000000000000BB
:10D5700000000000000000000000000000000000AB
:10D58000000000000000000000000000000000009B
:10D59000000000000000000000000000000000008B
:10D5A000000000000000000000000000000000007B
:10D5B000000000000000000000000000000000006B
:10D5C000000000000000000000000000000000005B
:10D5D000000000000000000000000000000000004B
:10D5E000000000000000000000000000000000003B
:10D5F000000000000000000000000000000000002B
:10D60000000000000000000000000000000000001A
:10D61000000000000000000000000000000000000A
:10D6200000000000000000000000000000000000FA
:10D6300000000000000000000000000000000000EA
:10D6400000000000000000000000000000000000DA
:10D6500000000000000000000000000000000000CA
:10D6600000000000000000000000000000000000BA
:10D6700000000000000000000000000000000000AA
:10D68000000000000000000000000000000000009A
:10D69000000000000000000000000000000000008A
:10D6A000000000000000000000000000000000007A
:10D6B000000000000000000000000000000000006A
:10D6C000000000000000000000000000000000005A
:10D6D000000000000000000000000000000000004A
:10D6E000000000000000000000000000000000003A
:10D6F000000000000000000000000000000000002A
:10D700000000000000000000000000000000000019
:10D710000000000000000000000000000000000009
:10D7200000000000000000000000000000000000F9
:10D7300000000000000000000000000000000000E9
:10D7400000000000000000000000000000000000D9
:10D7500000000000000000000000000000000000C9
:10D7600000000000000000000000000000000000B9
:10D7700000000000000000000000000000000000A9
:10D780000000000000000000000000000000000099
:10D790000000000000000000000000000000000089
:10D7A0000000000000000000000000000000000079
:10D7B0000000000000000000000000000000000069
:10D7C0000000000000000000000000000000000059
:10D7D0000000000000000000000000000000000049
:10D7E0000000000000000000000000000000000039
:10D7F0000000000000000000000000000000000029
:10D800000000000000000000000000000000000018
:10D810000000000000000000000000000000000008
:10D8200000000000000000000000000000000000F8
:10D8300000000000000000000000000000000000E8
:10D8400000000000000000000000000000000000D8
:10D8500000000000000000000000000000000000C8
:10D8600000000000000000000000000000000000B8
:10D8700000000000000000000000000000000000A8
:10D880000000000000000000000000000000000098
:10D890000000000000000000000000000000000088
:10D8A0000000000000000000000000000000000078
:10D8B0000000000000000000000000000000000068
:10D8C0000000000000000000000000000000000058
:10D8D0000000000000000000000000000000000048
:10D8E0000000000000000000000000000000000038
:10D8F0000000000000000000000000000000000028
:10D900000000000000000000000000000000000017
:10D910000000000000000000000000000000000007
:10D9200000000000000000000000000000000000F7
:10D9300000000000000000000000000000000000E7
:10D9400000000000000000000000000000000000D7
:10D9500000000000000000000000000000000000C7
:10D9600000000000000000000000000000000000B7
:10D9700000000000000000000000000000000000A7
:10D980000000000000000000000000000000000097
:10D990000000000000000000000000000000000087
:10D9A0000000000000000000000000000000000077
:10D9B0000000000000000000000000000000000067
:10D9C0000000000000000000000000000000000057
:10D9D0000000000000000000000000000000000047
:10D9E0000000000000000000000000000000000037
:10D9F0000000000000000000000000000000000027
:10DA00000000000000000000000000000000000016
:10DA10000000000000000000000000000000000006
:10DA200000000000000000000000000000000000F6
:10DA300000000000000000000000000000000000E6
:10DA400000000000000000000000000000000000D6
:10DA500000000000000000000000000000000000C6
:10DA600000000000000000000000000000000000B6
:10DA700000000000000000000000000000000000A6
:10DA80000000000000000000000000000000000096
:10DA90000000000000000000000000000000000086
:10DAA0000000000000000000000000000000000076
:10DAB0000000000000000000000000000000000066
:10DAC0000000000000000000000000000000000056
:10DAD0000000000000000000000000000000000046
:10DAE0000000000000000000000000000000000036
:10DAF0000000000000000000000000000000000026
:10DB00000000000000000000000000000000000015
:10DB10000000000000000000000000000000000005
:10DB200000000000000000000000000000000000F5
:10DB300000000000000000000000000000000000E5
:10DB400000000000000000000000000000000000D5
:10DB500000000000000000000000000000000000C5
:10DB600000000000000000000000000000000000B5
:10DB700000000000000000000000000000000000A5
:10DB80000000000000000000000000000000000095
:10DB90000000000000000000000000000000000085
:10DBA0000000000000000000000000000000000075
:10DBB0000000000000000000000000000000000065
:10DBC0000000000000000000000000000000000055
:10DBD0000000000000000000000000000000000045
:10DBE0000000000000000000000000000000000035
:10DBF0000000000000000000000000000000000025
:10DC00000000000000000000000000000000000014
:10DC10000000000000000000000000000000000004
:10DC200000000000000000000000000000000000F4
:10DC300000000000000000000000000000000000E4
:10DC400000000000000000000000000000000000D4
:10DC500000000000000000000000000000000000C4
:10DC600000000000000000000000000000000000B4
:10DC700000000000000000000000000000000000A4
:10DC80000000000000000000000000000000000094
:10DC90000000000000000000000000000000000084
:10DCA0000000000000000000000000000000000074
:10DCB0000000000000000000000000000000000064
:10DCC0000000000000000000000000000000000054
:10DCD0000000000000000000000000000000000044
:10DCE0000000000000000000000000000000000034
:10DCF0000000000000000000000000000000000024
:10DD00000000000000000000000000000000000013
:10DD10000000000000000000000000000000000003
:10DD200000000000000000000000000000000000F3
:10DD300000000000000000000000000000000000E3
:10DD400000000000000000000000000000000000D3
:10DD500000000000000000000000000000000000C3
:10DD600000000000000000000000000000000000B3
:10DD700000000000000000000000000000000000A3
:10DD80000000000000000000000000000000000093
:10DD90000000000000000000000000000000000083
:10DDA0000000000000000000000000000000000073
:10DDB0000000000000000000000000000000000063
:10DDC0000000000000000000000000000000000053
:10DDD0000000000000000000000000000000000043
:10DDE0000000000000000000000000000000000033
:10DDF0000000000000000000000000000000000023
:10DE00000000000000000000000000000000000012
:10DE10000000000000000000000000000000000002
:10DE200000000000000000000000000000000000F2
:10DE300000000000000000000000000000000000E2
:10DE400000000000000000000000000000000000D2
:10DE500000000000000000000000000000000000C2
:10DE600000000000000000000000000000000000B2
:10DE700000000000000000000000000000000000A2
:10DE80000000000000000000000000000000000092
:10DE90000000000000000000000000000000000082
:10DEA0000000000000000000000000000000000072
:10DEB0000000000000000000000000000000000062
:10DEC0000000000000000000000000000000000052
:10DED0000000000000000000000000000000000042
:10DEE0000000000000000000000000000000000032
:10DEF0000000000000000000000000000000000022
:10DF00000000000000000000000000000000000011
:10DF10000000000000000000000000000000000001
:10DF200000000000000000000000000000000000F1
:10DF300000000000000000000000000000000000E1
:10DF400000000000000000000000000000000000D1
:10DF500000000000000000000000000000000000C1
:10DF600000000000000000000000000000000000B1
:10DF700000000000000000000000000000000000A1
:10DF80000000000000000000000000000000000091
:10DF90000000000000000000000000000000000081
:10DFA0000000000000000000000000000000000071
:10DFB0000000000000000000000000000000000061
:10DFC0000000000000000000000000000000000051
:10DFD0000000000000000000000000000000000041
:10DFE0000000000000000000000000000000000031
:10DFF0000000000000000000000000000000000021
:10E000000000000000000000000000000000000010
:10E010000000000000000000000000000000000000
:10E0200000000000000000000000000000000000F0
:10E0300000000000000000000000000000000000E0
:10E0400000000000000000000000000000000000D0
:10E0500000000000000000000000000000000000C0
:10E0600000000000000000000000000000000000B0
:10E0700000000000000000000000000000000000A0
:10E080000000000000000000000000000000000090
:10E090000000000000000000000000000000000080
:10E0A0000000000000000000000000000000000070
:10E0B0000000000000000000000000000000000060
:10E0C0000000000000000000000000000000000050
:10E0D0000000000000000000000000000000000040
:10E0E0000000000000000000000000000000000030
:10E0F0000000000000000000000000000000000020
:10E10000000000000000000000000000000000000F
:10E1100000000000000000000000000000000000FF
:10E1200000000000000000000000000000000000EF
:10E1300000000000000000000000000000000000DF
:10E1400000000000000000000000000000000000CF
:10E1500000000000000000000000000000000000BF
:10E1600000000000000000000000000000000000AF
:10E17000000000000000000000000000000000009F
:10E18000000000000000000000000000000000008F
:10E19000000000000000000000000000000000007F
:10E1A000000000000000000000000000000000006F
:10E1B000000000000000000000000000000000005F
:10E1C000000000000000000000000000000000004F
:10E1D000000000000000000000000000000000003F
:10E1E000000000000000000000000000000000002F
:10E1F000000000000000000000000000000000001F
:10E20000000000000000000000000000000000000E
:10E2100000000000000000000000000000000000FE
:10E2200000000000000000000000000000000000EE
:10E2300000000000000000000000000000000000DE
:10E2400000000000000000000000000000000000CE
:10E2500000000000000000000000000000000000BE
:10E2600000000000000000000000000000000000AE
:10E27000000000000000000000000000000000009E
:10E28000000000000000000000000000000000008E
:10E29000000000000000000000000000000000007E
:10E2A000000000000000000000000000000000006E
:10E2B000000000000000000000000000000000005E
:10E2C000000000000000000000000000000000004E
:10E2D000000000000000000000000000000000003E
:10E2E000000000000000000000000000000000002E
:10E2F000000000000000000000000000000000001E
:10E30000000000000000000000000000000000000D
:10E3100000000000000000000000000000000000FD
:10E3200000000000000000000000000000000000ED
:10E3300000000000000000000000000000000000DD
:10E3400000000000000000000000000000000000CD
:10E3500000000000000000000000000000000000BD
:10E3600000000000000000000000000000000000AD
:10E37000000000000000000000000000000000009D
:10E38000000000000000000000000000000000008D
:10E39000000000000000000000000000000000007D
:10E3A000000000000000000000000000000000006D
:10E3B000000000000000000000000000000000005D
:10E3C000000000000000000000000000000000004D
:10E3D000000000000000000000000000000000003D
:10E3E000000000000000000000000000000000002D
:10E3F000000000000000000000000000000000001D
:10E40000000000000000000000000000000000000C
:10E4100000000000000000000000000000000000FC
:10E4200000000000000000000000000000000000EC
:10E4300000000000000000000000000000000000DC
:10E4400000000000000000000000000000000000CC
:10E4500000000000000000000000000000000000BC
:10E4600000000000000000000000000000000000AC
:10E47000000000000000000000000000000000009C
:10E48000000000000000000000000000000000008C
:10E49000000000000000000000000000000000007C
:10E4A000000000000000000000000000000000006C
:10E4B000000000000000000000000000000000005C
:10E4C000000000000000000000000000000000004C
:10E4D000000000000000000000000000000000003C
:10E4E000000000000000000000000000000000002C
:10E4F000000000000000000000000000000000001C
:10E50000000000000000000000000000000000000B
:10E5100000000000000000000000000000000000FB
:10E5200000000000000000000000000000000000EB
:10E5300000000000000000000000000000000000DB
:10E5400000000000000000000000000000000000CB
:10E5500000000000000000000000000000000000BB
:10E5600000000000000000000000000000000000AB
:10E57000000000000000000000000000000000009B
:10E58000000000000000000000000000000000008B
:10E59000000000000000000000000000000000007B
:10E5A000000000000000000000000000000000006B
:10E5B000000000000000000000000000000000005B
:10E5C000000000000000000000000000000000004B
:10E5D000000000000000000000000000000000003B
:10E5E000000000000000000000000000000000002B
:10E5F000000000000000000000000000000000001B
:10E60000000000000000000000000000000000000A
:10E6100000000000000000000000000000000000FA
:10E6200000000000000000000000000000000000EA
:10E6300000000000000000000000000000000000DA
:10E6400000000000000000000000000000000000CA
:10E6500000000000000000000000000000000000BA
:10E6600000000000000000000000000000000000AA
:10E67000000000000000000000000000000000009A
:10E68000000000000000000000000000000000008A
:10E69000000000000000000000000000000000007A
:10E6A000000000000000000000000000000000006A
:10E6B000000000000000000000000000000000005A
:10E6C000000000000000000000000000000000004A
:10E6D000000000000000000000000000000000003A
:10E6E000000000000000000000000000000000002A
:10E6F000000000000000000000000000000000001A
:10E700000000000000000000000000000000000009
:10E7100000000000000000000000000000000000F9
:10E7200000000000000000000000000000000000E9
:10E7300000000000000000000000000000000000D9
:10E7400000000000000000000000000000000000C9
:10E7500000000000000000000000000000000000B9
:10E7600000000000000000000000000000000000A9
:10E770000000000000000000000000000000000099
:10E780000000000000000000000000000000000089
:10E790000000000000000000000000000000000079
:10E7A0000000000000000000000000000000000069
:10E7B0000000000000000000000000000000000059
:10E7C0000000000000000000000000000000000049
:10E7D0000000000000000000000000000000000039
:10E7E0000000000000000000000000000000000029
:10E7F0000000000000000000000000000000000019
:10E800000000000000000000000000000000000008
:10E8100000000000000000000000000000000000F8
:10E8200000000000000000000000000000000000E8
:10E8300000000000000000000000000000000000D8
:10E8400000000000000000000000000000000000C8
:10E8500000000000000000000000000000000000B8
:10E8600000000000000000000000000000000000A8
:10E870000000000000000000000000000000000098
:10E880000000000000000000000000000000000088
:10E890000000000000000000000000000000000078
:10E8A0000000000000000000000000000000000068
:10E8B0000000000000000000000000000000000058
:10E8C0000000000000000000000000000000000048
:10E8D0000000000000000000000000000000000038
:10E8E0000000000000000000000000000000000028
:10E8F0000000000000000000000000000000000018
:10E900000000000000000000000000000000000007
:10E9100000000000000000000000000000000000F7
:10E9200000000000000000000000000000000000E7
:10E9300000000000000000000000000000000000D7
:10E9400000000000000000000000000000000000C7
:10E9500000000000000000000000000000000000B7
:10E9600000000000000000000000000000000000A7
:10E970000000000000000000000000000000000097
:10E980000000000000000000000000000000000087
:10E990000000000000000000000000000000000077
:10E9A0000000000000000000000000000000000067
:10E9B0000000000000000000000000000000000057
:10E9C0000000000000000000000000000000000047
:10E9D0000000000000000000000000000000000037
:10E9E0000000000000000000000000000000000027
:10E9F0000000000000000000000000000000000017
:10EA00000000000000000000000000000000000006
:10EA100000000000000000000000000000000000F6
:10EA200000000000000000000000000000000000E6
:10EA300000000000000000000000000000000000D6
:10EA400000000000000000000000000000000000C6
:10EA500000000000000000000000000000000000B6
:10EA600000000000000000000000000000000000A6
:10EA70000000000000000000000000000000000096
:10EA80000000000000000000000000000000000086
:10EA90000000000000000000000000000000000076
:10EAA0000000000000000000000000000000000066
:10EAB0000000000000000000000000000000000056
:10EAC0000000000000000000000000000000000046
:10EAD0000000000000000000000000000000000036
:10EAE0000000000000000000000000000000000026
:10EAF0000000000000000000000000000000000016
:10EB00000000000000000000000000000000000005
:10EB100000000000000000000000000000000000F5
:10EB200000000000000000000000000000000000E5
:10EB300000000000000000000000000000000000D5
:10EB400000000000000000000000000000000000C5
:10EB500000000000000000000000000000000000B5
:10EB600000000000000000000000000000000000A5
:10EB70000000000000000000000000000000000095
:10EB80000000000000000000000000000000000085
:10EB90000000000000000000000000000000000075
:10EBA0000000000000000000000000000000000065
:10EBB0000000000000000000000000000000000055
:10EBC0000000000000000000000000000000000045
:10EBD0000000000000000000000000000000000035
:10EBE0000000000000000000000000000000000025
:10EBF0000000000000000000000000000000000015
:10EC00000000000000000000000000000000000004
:10EC100000000000000000000000000000000000F4
:10EC200000000000000000000000000000000000E4
:10EC300000000000000000000000000000000000D4
:10EC400000000000000000000000000000000000C4
:10EC500000000000000000000000000000000000B4
:10EC600000000000000000000000000000000000A4
:10EC70000000000000000000000000000000000094
:10EC80000000000000000000000000000000000084
:10EC90000000000000000000000000000000000074
:10ECA0000000000000000000000000000000000064
:10ECB0000000000000000000000000000000000054
:10ECC0000000000000000000000000000000000044
:10ECD0000000000000000000000000000000000034
:10ECE0000000000000000000000000000000000024
:10ECF0000000000000000000000000000000000014
:10ED00000000000000000000000000000000000003
:10ED100000000000000000000000000000000000F3
:10ED200000000000000000000000000000000000E3
:10ED300000000000000000000000000000000000D3
:10ED400000000000000000000000000000000000C3
:10ED500000000000000000000000000000000000B3
:10ED600000000000000000000000000000000000A3
:10ED70000000000000000000000000000000000093
:10ED80000000000000000000000000000000000083
:10ED90000000000000000000000000000000000073
:10EDA0000000000000000000000000000000000063
:10EDB0000000000000000000000000000000000053
:10EDC0000000000000000000000000000000000043
:10EDD0000000000000000000000000000000000033
:10EDE0000000000000000000000000000000000023
:10EDF0000000000000000000000000000000000013
:10EE00000000000000000000000000000000000002
:10EE100000000000000000000000000000000000F2
:10EE200000000000000000000000000000000000E2
:10EE300000000000000000000000000000000000D2
:10EE400000000000000000000000000000000000C2
:10EE500000000000000000000000000000000000B2
:10EE600000000000000000000000000000000000A2
:10EE70000000000000000000000000000000000092
:10EE80000000000000000000000000000000000082
:10EE90000000000000000000000000000000000072
:10EEA0000000000000000000000000000000000062
:10EEB0000000000000000000000000000000000052
:10EEC0000000000000000000000000000000000042
:10EED0000000000000000000000000000000000032
:10EEE0000000000000000000000000000000000022
:10EEF0000000000000000000000000000000000012
:10EF00000000000000000000000000000000000001
:10EF100000000000000000000000000000000000F1
:10EF200000000000000000000000000000000000E1
:10EF300000000000000000000000000000000000D1
:10EF400000000000000000000000000000000000C1
:10EF500000000000000000000000000000000000B1
:10EF600000000000000000000000000000000000A1
:10EF70000000000000000000000000000000000091
:10EF80000000000000000000000000000000000081
:10EF90000000000000000000000000000000000071
:10EFA0000000000000000000000000000000000061
:10EFB0000000000000000000000000000000000051
:10EFC0000000000000000000000000000000000041
:10EFD0000000000000000000000000000000000031
:10EFE0000000000000000000000000000000000021
:10EFF0000000000000000000000000000000000011
:10F000000000000000000000000000000000000000
:10F0100000000000000000000000000000000000F0
:10F0200000000000000000000000000000000000E0
:10F0300000000000000000000000000000000000D0
:10F0400000000000000000000000000000000000C0
:10F0500000000000000000000000000000000000B0
:10F0600000000000000000000000000000000000A0
:10F070000000000000000000000000000000000090
:10F080000000000000000000000000000000000080
:10F090000000000000000000000000000000000070
:10F0A0000000000000000000000000000000000060
:10F0B0000000000000000000000000000000000050
:10F0C0000000000000000000000000000000000040
:10F0D0000000000000000000000000000000000030
:10F0E0000000000000000000000000000000000020
:10F0F0000000000000000000000000000000000010
:10F1000000000000000000000000000000000000FF
:10F1100000000000000000000000000000000000EF
:10F1200000000000000000000000000000000000DF
:10F1300000000000000000000000000000000000CF
:10F1400000000000000000000000000000000000BF
:10F1500000000000000000000000000000000000AF
:10F16000000000000000000000000000000000009F
:10F17000000000000000000000000000000000008F
:10F18000000000000000000000000000000000007F
:10F19000000000000000000000000000000000006F
:10F1A000000000000000000000000000000000005F
:10F1B000000000000000000000000000000000004F
:10F1C000000000000000000000000000000000003F
:10F1D000000000000000000000000000000000002F
:10F1E000000000000000000000000000000000001F
:10F1F000000000000000000000000000000000000F
:10F2000000000000000000000000000000000000FE
:10F2100000000000000000000000000000000000EE
:10F2200000000000000000000000000000000000DE
:10F2300000000000000000000000000000000000CE
:10F2400000000000000000000000000000000000BE
:10F2500000000000000000000000000000000000AE
:10F26000000000000000000000000000000000009E
:10F27000000000000000000000000000000000008E
:10F28000000000000000000000000000000000007E
:10F29000000000000000000000000000000000006E
:10F2A000000000000000000000000000000000005E
:10F2B000000000000000000000000000000000004E
:10F2C000000000000000000000000000000000003E
:10F2D000000000000000000000000000000000002E
:10F2E000000000000000000000000000000000001E
:10F2F000000000000000000000000000000000000E
:10F3000000000000000000000000000000000000FD
:10F3100000000000000000000000000000000000ED
:10F3200000000000000000000000000000000000DD
:10F3300000000000000000000000000000000000CD
:10F3400000000000000000000000000000000000BD
:10F3500000000000000000000000000000000000AD
:10F36000000000000000000000000000000000009D
:10F37000000000000000000000000000000000008D
:10F38000000000000000000000000000000000007D
:10F39000000000000000000000000000000000006D
:10F3A000000000000000000000000000000000005D
:10F3B000000000000000000000000000000000004D
:10F3C000000000000000000000000000000000003D
:10F3D000000000000000000000000000000000002D
:10F3E000000000000000000000000000000000001D
:10F3F000000000000000000000000000000000000D
:10F4000000000000000000000000000000000000FC
:10F4100000000000000000000000000000000000EC
:10F4200000000000000000000000000000000000DC
:10F4300000000000000000000000000000000000CC
:10F4400000000000000000000000000000000000BC
:10F4500000000000000000000000000000000000AC
:10F46000000000000000000000000000000000009C
:10F47000000000000000000000000000000000008C
:10F48000000000000000000000000000000000007C
:10F49000000000000000000000000000000000006C
:10F4A000000000000000000000000000000000005C
:10F4B000000000000000000000000000000000004C
:10F4C000000000000000000000000000000000003C
:10F4D000000000000000000000000000000000002C
:10F4E000000000000000000000000000000000001C
:10F4F000000000000000000000000000000000000C
:10F5000000000000000000000000000000000000FB
:10F5100000000000000000000000000000000000EB
:10F5200000000000000000000000000000000000DB
:10F5300000000000000000000000000000000000CB
:10F5400000000000000000000000000000000000BB
:10F5500000000000000000000000000000000000AB
:10F56000000000000000000000000000000000009B
:10F57000000000000000000000000000000000008B
:10F58000000000000000000000000000000000007B
:10F59000000000000000000000000000000000006B
:10F5A000000000000000000000000000000000005B
:10F5B000000000000000000000000000000000004B
:10F5C000000000000000000000000000000000003B
:10F5D000000000000000000000000000000000002B
:10F5E000000000000000000000000000000000001B
:10F5F000000000000000000000000000000000000B
:10F6000000000000000000000000000000000000FA
:10F6100000000000000000000000000000000000EA
:10F6200000000000000000000000000000000000DA
:10F6300000000000000000000000000000000000CA
:10F6400000000000000000000000000000000000BA
:10F6500000000000000000000000000000000000AA
:10F66000000000000000000000000000000000009A
:10F67000000000000000000000000000000000008A
:10F68000000000000000000000000000000000007A
:10F69000000000000000000000000000000000006A
:10F6A000000000000000000000000000000000005A
:10F6B000000000000000000000000000000000004A
:10F6C000000000000000000000000000000000003A
:10F6D000000000000000000000000000000000002A
:10F6E000000000000000000000000000000000001A
:10F6F000000000000000000000000000000000000A
:10F7000000000000000000000000000000000000F9
:10F7100000000000000000000000000000000000E9
:10F7200000000000000000000000000000000000D9
:10F7300000000000000000000000000000000000C9
:10F7400000000000000000000000000000000000B9
:10F7500000000000000000000000000000000000A9
:10F760000000000000000000000000000000000099
:10F770000000000000000000000000000000000089
:10F780000000000000000000000000000000000079
:10F790000000000000000000000000000000000069
:10F7A0000000000000000000000000000000000059
:10F7B0000000000000000000000000000000000049
:10F7C0000000000000000000000000000000000039
:10F7D0000000000000000000000000000000000029
:10F7E0000000000000000000000000000000000019
:10F7F0000000000000000000000000000000000009
:10F8000000000000000000000000000000000000F8
:10F8100000000000000000000000000000000000E8
:10F8200000000000000000000000000000000000D8
:10F8300000000000000000000000000000000000C8
:10F8400000000000000000000000000000000000B8
:10F8500000000000000000000000000000000000A8
:10F860000000000000000000000000000000000098
:10F870000000000000000000000000000000000088
:10F880000000000000000000000000000000000078
:10F890000000000000000000000000000000000068
:10F8A0000000000000000000000000000000000058
:10F8B0000000000000000000000000000000000048
:10F8C0000000000000000000000000000000000038
:10F8D0000000000000000000000000000000000028
:10F8E0000000000000000000000000000000000018
:10F8F0000000000000000000000000000000000008
:10F9000000000000000000000000000000000000F7
:10F9100000000000000000000000000000000000E7
:10F9200000000000000000000000000000000000D7
:10F9300000000000000000000000000000000000C7
:10F9400000000000000000000000000000000000B7
:10F9500000000000000000000000000000000000A7
:10F960000000000000000000000000000000000097
:10F970000000000000000000000000000000000087
:10F980000000000000000000000000000000000077
:10F990000000000000000000000000000000000067
:10F9A0000000000000000000000000000000000057
:10F9B0000000000000000000000000000000000047
:10F9C0000000000000000000000000000000000037
:10F9D0000000000000000000000000000000000027
:10F9E0000000000000000000000000000000000017
:10F9F0000000000000000000000000000000000007
:10FA000000000000000000000000000000000000F6
:10FA100000000000000000000000000000000000E6
:10FA200000000000000000000000000000000000D6
:10FA300000000000000000000000000000000000C6
:10FA400000000000000000000000000000000000B6
:10FA500000000000000000000000000000000000A6
:10FA60000000000000000000000000000000000096
:10FA70000000000000000000000000000000000086
:10FA80000000000000000000000000000000000076
:10FA90000000000000000000000000000000000066
:10FAA0000000000000000000000000000000000056
:10FAB0000000000000000000000000000000000046
:10FAC0000000000000000000000000000000000036
:10FAD0000000000000000000000000000000000026
:10FAE0000000000000000000000000000000000016
:10FAF0000000000000000000000000000000000006
:10FB000000000000000000000000000000000000F5
:10FB100000000000000000000000000000000000E5
:10FB200000000000000000000000000000000000D5
:10FB300000000000000000000000000000000000C5
:10FB400000000000000000000000000000000000B5
:10FB500000000000000000000000000000000000A5
:10FB60000000000000000000000000000000000095
:10FB70000000000000000000000000000000000085
:10FB80000000000000000000000000000000000075
:10FB90000000000000000000000000000000000065
:10FBA0000000000000000000000000000000000055
:10FBB0000000000000000000000000000000000045
:10FBC0000000000000000000000000000000000035
:10FBD0000000000000000000000000000000000025
:10FBE0000000000000000000000000000000000015
:10FBF0000000000000000000000000000000000005
:10FC000000000000000000000000000000000000F4
:10FC100000000000000000000000000000000000E4
:10FC200000000000000000000000000000000000D4
:10FC300000000000000000000000000000000000C4
:10FC400000000000000000000000000000000000B4
:10FC500000000000000000000000000000000000A4
:10FC60000000000000000000000000000000000094
:10FC70000000000000000000000000000000000084
:10FC80000000000000000000000000000000000074
:10FC90000000000000000000000000000000000064
:10FCA0000000000000000000000000000000000054
:10FCB0000000000000000000000000000000000044
:10FCC0000000000000000000000000000000000034
:10FCD0000000000000000000000000000000000024
:10FCE0000000000000000000000000000000000014
:10FCF0000000000000000000000000000000000004
:10FD000000000000000000000000000000000000F3
:10FD100000000000000000000000000000000000E3
:10FD200000000000000000000000000000000000D3
:10FD300000000000000000000000000000000000C3
:10FD400000000000000000000000000000000000B3
:10FD500000000000000000000000000000000000A3
:10FD60000000000000000000000000000000000093
:10FD70000000000000000000000000000000000083
:10FD80000000000000000000000000000000000073
:10FD90000000000000000000000000000000000063
:10FDA0000000000000000000000000000000000053
:10FDB0000000000000000000000000000000000043
:10FDC0000000000000000000000000000000000033
:10FDD0000000000000000000000000000000000023
:10FDE0000000000000000000000000000000000013
:10FDF0000000000000000000000000000000000003
:10FE000000000000000000000000000000000000F2
:10FE100000000000000000000000000000000000E2
:10FE200000000000000000000000000000000000D2
:10FE300000000000000000000000000000000000C2
:10FE400000000000000000000000000000000000B2
:10FE500000000000000000000000000000000000A2
:10FE60000000000000000000000000000000000092
:10FE70000000000000000000000000000000000082
:10FE80000000000000000000000000000000000072
:10FE90000000000000000000000000000000000062
:10FEA0000000000000000000000000000000000052
:10FEB0000000000000000000000000000000000042
:10FEC0000000000000000000000000000000000032
:10FED0000000000000000000000000000000000022
:10FEE0000000000000000000000000000000000012
:10FEF0000000000000000000000000000000000002
:10FF000000000000000000000000000000000000F1
:10FF100000000000000000000000000000000000E1
:10FF200000000000000000000000000000000000D1
:10FF300000000000000000000000000000000000C1
:10FF400000000000000000000000000000000000B1
:10FF500000000000000000000000000000000000A1
:10FF60000000000000000000000000000000000091
:10FF70000000000000000000000000000000000081
:10FF80000000000000000000000000000000000071
:10FF90000000000000000000000000000000000061
:10FFA0000000000000000000000000000000000051
:10FFB0000000000000000000000000000000000041
:10FFC0000000000000000000000000000000000031
:10FFD0000000000000000000000000000000000021
:10FFE00000000000000000000000000064756D6D5E
:10FFF000790000B6E95CFFFF10114141FD4BEE2F87
:00000001FF
